net,sta,chan,location,lat,lon,rate
AZ,BZN,HHZ,--,33.49,-116.67,100
AZ,BZN,HNZ,--,33.49,-116.67,100
AZ,CPE,HHZ,--,32.89,-117.11,100
AZ,CPE,HNZ,--,32.89,-117.11,100
AZ,CRY,HHZ,--,33.57,-116.74,100
AZ,CRY,HNZ,--,33.57,-116.74,100
AZ,FRD,HHZ,--,33.49,-116.6,100
AZ,FRD,HNZ,--,33.49,-116.6,100
AZ,KNW,HHZ,--,33.71,-116.71,100
AZ,KNW,HNZ,--,33.71,-116.71,100
AZ,LVA2,HHZ,--,33.35,-116.56,100
AZ,LVA2,HNZ,--,33.35,-116.56,100
AZ,MONP2,HHZ,--,32.89,-116.42,100
AZ,MONP2,HNZ,--,32.89,-116.42,100
AZ,MTRP,HNZ,--,32.82,-117.06,100
AZ,PFO,HHZ,--,33.61,-116.46,100
AZ,PFO,HNZ,--,33.61,-116.46,100
AZ,RDM,HHZ,--,33.63,-116.85,100
AZ,RDM,HNZ,--,33.63,-116.85,100
AZ,SCI2,HNZ,--,32.92,-118.49,200
AZ,SMER,HHZ,--,33.46,-117.17,100
AZ,SND,HHZ,--,33.55,-116.61,100
AZ,SND,HNZ,--,33.55,-116.61,100
AZ,TRO,HHZ,--,33.52,-116.43,100
AZ,TRO,HNZ,--,33.52,-116.43,100
BC,CBX,HHZ,--,32.31,-116.66,100
BC,CCX,HHZ,--,31.87,-116.66,100
BC,CCX,HNZ,--,31.87,-116.66,100
BC,CPX,HHZ,--,32.42,-115.31,100
BC,CPX,HNZ,--,32.42,-115.31,100
BC,GUVIX,HHZ,--,32.3,-115.08,100
BC,GUVIX,HNZ,--,32.3,-115.08,100
BC,PIX,HHZ,--,31.56,-113.46,100
BC,PIX,HNZ,--,31.56,-113.46,100
BC,RMX,HHZ,--,32.55,-116.03,100
BC,RMX,HNZ,--,32.55,-116.03,100
BC,SFX,HHZ,--,31.04,-114.85,100
BC,SFX,HNZ,--,31.04,-114.85,100
BC,SJX,HHZ,--,32,-115.95,100
BC,SJX,HNZ,--,32,-115.95,100
BC,TJX,HHZ,--,32.51,-117.05,100
BC,TJX,HNZ,--,32.51,-117.05,100
BC,TKX,HHZ,--,32.57,-116.61,100
BC,TKX,HNZ,--,32.57,-116.61,100
BC,UABX,HHZ,--,32.63,-115.44,100
BC,UABX,HNZ,--,32.63,-115.44,100
BK,BDM,BHZ,0,37.95,-121.87,40
BK,BDM,HHZ,0,37.95,-121.87,100
BK,BDM,HNZ,0,37.95,-121.87,100
BK,BKS,BHZ,0,37.88,-122.24,40
BK,BKS,HHZ,0,37.88,-122.24,100
BK,BKS,HNZ,0,37.88,-122.24,100
BK,BL67,BHZ,0,37.87,-122.24,40
BK,BL67,HHZ,0,37.87,-122.24,100
BK,BL67,HNZ,0,37.87,-122.24,100
BK,BL88,HNZ,0,37.88,-122.25,100
BK,BRK,BHZ,0,37.87,-122.26,40
BK,BRK,HHZ,0,37.87,-122.26,100
BK,BRK,HNZ,0,37.87,-122.26,100
BK,CMB,BHZ,0,38.03,-120.39,40
BK,CMB,HHZ,0,38.03,-120.39,100
BK,CMB,HNZ,0,38.03,-120.39,100
BK,CMSB,HNZ,0,37.87,-122.25,100
BK,CVS,BHZ,0,38.35,-122.46,40
BK,CVS,HHZ,0,38.35,-122.46,100
BK,CVS,HNZ,0,38.35,-122.46,100
BK,DANT,BHZ,0,40.29,-121.8,40
BK,DANT,HHZ,0,40.29,-121.8,100
BK,DANT,HNZ,0,40.29,-121.8,100
BK,DCMP,BHZ,0,39.47,-123.34,40
BK,DCMP,HHZ,0,39.47,-123.34,100
BK,DCMP,HNZ,0,39.47,-123.34,100
BK,FARB,BHZ,0,37.7,-123,40
BK,FARB,HHZ,0,37.7,-123,100
BK,FARB,HNZ,0,37.7,-123,100
BK,GASB,BHZ,0,39.65,-122.72,40
BK,GASB,HHZ,0,39.65,-122.72,100
BK,GASB,HNZ,0,39.65,-122.72,100
BK,HAST,BHZ,0,36.39,-121.55,40
BK,HAST,HHZ,0,36.39,-121.55,100
BK,HAST,HNZ,0,36.39,-121.55,100
BK,HATC,BHZ,0,40.82,-121.46,40
BK,HATC,HHZ,0,40.82,-121.46,100
BK,HATC,HNZ,0,40.82,-121.46,100
BK,HELL,BHZ,0,36.68,-119.02,40
BK,HELL,HHZ,0,36.68,-119.02,100
BK,HELL,HNZ,0,36.68,-119.02,100
BK,HOPS,BHZ,0,38.99,-123.07,40
BK,HOPS,HHZ,0,38.99,-123.07,100
BK,HOPS,HNZ,0,38.99,-123.07,100
BK,HULI,BHZ,0,36.02,-121.24,40
BK,HULI,HHZ,0,36.02,-121.24,100
BK,HULI,HNZ,0,36.02,-121.24,100
BK,HUMO,BHZ,0,42.61,-122.96,40
BK,HUMO,HHZ,0,42.61,-122.96,100
BK,HUMO,HNZ,0,42.61,-122.96,100
BK,JCC,BHZ,0,40.82,-124.03,40
BK,JCC,HHZ,0,40.82,-124.03,100
BK,JCC,HNZ,0,40.82,-124.03,100
BK,JRSC,BHZ,0,37.4,-122.24,40
BK,JRSC,HHZ,0,37.4,-122.24,100
BK,JRSC,HNZ,0,37.4,-122.24,100
BK,KCC,BHZ,0,37.32,-119.32,40
BK,KCC,HHZ,0,37.32,-119.32,100
BK,KCC,HNZ,0,37.32,-119.32,100
BK,MCCM,BHZ,0,38.14,-122.88,40
BK,MCCM,HHZ,0,38.14,-122.88,100
BK,MCCM,HNZ,0,38.14,-122.88,100
BK,MHC,BHZ,0,37.34,-121.64,40
BK,MHC,HHZ,0,37.34,-121.64,100
BK,MHC,HNZ,0,37.34,-121.64,100
BK,MNRC,BHZ,0,38.88,-122.44,40
BK,MNRC,HHZ,0,38.88,-122.44,100
BK,MNRC,HNZ,0,38.88,-122.44,100
BK,MOD,BHZ,0,41.9,-120.3,40
BK,MOD,HHZ,0,41.9,-120.3,100
BK,MOD,HNZ,0,41.9,-120.3,100
BK,MTOS,BHZ,0,37.5,-121.33,40
BK,MTOS,HHZ,0,37.5,-121.33,100
BK,MTOS,HNZ,0,37.5,-121.33,100
BK,ORV,BHZ,0,39.55,-121.5,40
BK,ORV,HHZ,0,39.55,-121.5,100
BK,ORV,HNZ,0,39.55,-121.5,100
BK,PACP,BHZ,0,37.01,-121.29,40
BK,PACP,HHZ,0,37.01,-121.29,100
BK,PACP,HNZ,0,37.01,-121.29,100
BK,PETY,BHZ,0,40.18,-122.79,40
BK,PETY,HHZ,0,40.18,-122.79,100
BK,PETY,HNZ,0,40.18,-122.79,100
BK,PKD,BHZ,0,35.95,-120.54,40
BK,PKD,HHZ,0,35.95,-120.54,100
BK,PKD,HNZ,0,35.95,-120.54,100
BK,RAMR,BHZ,0,35.64,-120.87,40
BK,RAMR,HHZ,0,35.64,-120.87,100
BK,RAMR,HNZ,0,35.64,-120.87,100
BK,RFSB,HNZ,0,37.92,-122.34,100
BK,SAO,BHZ,0,36.76,-121.45,40
BK,SAO,HHZ,0,36.76,-121.45,100
BK,SAO,HNZ,0,36.76,-121.45,100
BK,SCCB,HNZ,0,37.29,-121.86,100
BK,SCOT,BHZ,0,41.39,-122.85,40
BK,SCOT,HHZ,0,41.39,-122.85,100
BK,SCOT,HNZ,0,41.39,-122.85,100
BK,SCZ,BHZ,0,36.6,-121.4,40
BK,SCZ,HHZ,0,36.6,-121.4,100
BK,SCZ,HNZ,0,36.6,-121.4,100
BK,SHEP,BHZ,0,41.78,-121.84,40
BK,SHEP,HHZ,0,41.78,-121.84,100
BK,SHEP,HNZ,0,41.78,-121.84,100
BK,SUTB,BHZ,0,39.23,-121.79,40
BK,SUTB,HHZ,0,39.23,-121.79,100
BK,SUTB,HNZ,0,39.23,-121.79,100
BK,TCAS,HNZ,0,35.61,-120.56,200
BK,TCHL,BHZ,0,35.69,-120.4,40
BK,TCHL,HHZ,0,35.69,-120.4,100
BK,TCHL,HNZ,0,35.69,-120.4,200
BK,THIS,BHZ,0,35.72,-120.23,40
BK,THIS,HHZ,0,35.72,-120.23,100
BK,THIS,HNZ,0,35.72,-120.23,200
BK,TRAM,BHZ,0,35.68,-120.27,40
BK,TRAM,HHZ,0,35.68,-120.27,100
BK,TRAM,HNZ,0,35.68,-120.27,200
BK,TRAY,HNZ,0,35.55,-120.13,200
BK,TRIN,BHZ,0,40.97,-122.71,40
BK,TRIN,HHZ,0,40.97,-122.71,100
BK,TRIN,HNZ,0,40.97,-122.71,100
BK,TSCN,BHZ,0,35.54,-120.35,40
BK,TSCN,HHZ,0,35.54,-120.35,100
BK,TSCN,HNZ,0,35.54,-120.35,200
BK,TSCS,HNZ,0,35.44,-120.35,200
BK,VAK,BHZ,0,37.88,-122.25,40
BK,VAK,HHZ,0,37.88,-122.25,100
BK,VAK,HNZ,0,37.88,-122.25,100
BK,WDC,BHZ,0,40.58,-122.54,40
BK,WDC,HHZ,0,40.58,-122.54,100
BK,WDC,HNZ,0,40.58,-122.54,100
BK,WENL,BHZ,0,37.62,-121.76,40
BK,WENL,HHZ,0,37.62,-121.76,100
BK,WENL,HNZ,0,37.62,-121.76,100
BK,YBH,BHZ,50,41.73,-122.71,40
BK,YBH,BHZ,0,41.73,-122.71,40
BK,YBH,HHZ,50,41.73,-122.71,100
BK,YBH,HHZ,0,41.73,-122.71,100
BK,YBH,HNZ,0,41.73,-122.71,100
CC,ASBU,BHZ,--,43.82,-121.37,50
CC,CIHL,BHZ,--,43.75,-121.15,50
CC,CLBH,BHZ,--,42.91,-122.14,50
CC,CPCO,BHZ,--,43.72,-121.23,50
CC,JRO,BHZ,--,46.28,-122.22,50
CC,NORM,BHZ,--,43.74,-121.25,50
CC,OBSR,BHZ,--,46.9,-121.82,50
CC,PR01,BHZ,--,46.91,-122.04,50
CC,PR02,BHZ,--,46.92,-122.05,50
CC,PR03,BHZ,--,46.9,-122.03,50
CC,PR04,BHZ,--,46.93,-121.99,50
CC,PR05,BHZ,--,46.84,-121.95,50
CC,PRLK,BHZ,--,44.21,-121.96,50
CC,SHRK,BHZ,--,45.46,-121.53,50
CC,STD,BHZ,--,46.24,-122.22,50
CC,SWF2,BHZ,--,46.18,-122.22,50
CC,SWNB,BHZ,--,43.67,-121.36,50
CC,TCBU,BHZ,--,44.24,-121.66,50
CC,TMBU,BHZ,--,43.6,-121.14,50
CC,VALT,BHZ,--,46.21,-122.19,50
CC,WIFE,BHZ,--,44.06,-121.82,50
CE,2143,HNZ,10,32.84,-116.97,100
CE,3121,HNZ,10,32.75,-117.24,100
CE,3145,HNZ,10,32.71,-117.16,100
CE,3148,HNZ,10,32.74,-117.08,100
CE,3156,HNZ,10,32.92,-117.14,100
CE,3260,HNZ,10,32.95,-117.04,100
CE,3468,HNZ,10,32.58,-117.08,100
CE,3471,HNZ,10,32.67,-117.08,100
CE,3521,HNZ,10,32.88,-117.22,100
CE,13577,HNZ,10,33.93,-117.8,100
CE,13921,HNZ,10,33.98,-117.49,100
CE,14405,HNZ,--,33.79,-118.36,200
CE,14831,HNZ,10,33.79,-118.32,100
CE,14834,HNZ,10,33.92,-118.33,100
CE,23077,HNZ,10,34.06,-117.7,100
CE,23163,HNZ,10,34.12,-117.54,100
CE,23173,HNZ,10,34,-117.81,100
CE,23178,HNZ,10,34.13,-117.91,100
CE,23732,HNZ,--,34.22,-117.33,200
CE,23938,HNZ,10,34.02,-117.87,100
CE,23939,HNZ,10,34.12,-117.74,100
CE,24014,HNZ,10,34.04,-118.52,100
CE,24020,HNZ,10,34.08,-118.22,100
CE,24040,HNZ,10,34.03,-118.21,100
CE,24103,HNZ,10,34.16,-118.53,100
CE,24400,HNZ,1,34.04,-118.18,200
CE,24833,HNZ,10,34.06,-118.32,100
CE,24851,HNZ,--,34.07,-118.35,200
CE,24853,HNZ,--,34.08,-118.29,200
CE,24944,HNZ,10,34.23,-118.25,100
CE,24945,HNZ,10,34.16,-118.26,100
CE,35078,HNZ,10,35.37,-119.92,100
CE,35110,HNZ,10,35.26,-119.82,100
CE,35342,HNZ,10,35.26,-119.82,100
CE,36014,HNZ,10,35.3,-120.02,100
CI,ADO,HHZ,--,34.55,-117.43,100
CI,ADO,HNZ,--,34.55,-117.43,100
CI,AGM,HNZ,--,32.84,-114.78,100
CI,AGO,HNZ,--,34.15,-118.77,100
CI,ALP,HHZ,--,34.69,-118.3,100
CI,ALP,HNZ,--,34.69,-118.3,100
CI,APL,HNZ,--,35.34,-116.87,100
CI,ARV,HHZ,--,35.13,-118.83,100
CI,ARV,HNZ,--,35.13,-118.83,100
CI,AVC,HNZ,--,33.33,-118.34,100
CI,AVM,HHZ,--,35.07,-116.62,100
CI,AVM,HNZ,--,35.07,-116.62,100
CI,BAC,HNZ,--,33.61,-117.04,100
CI,BAI,HNZ,--,34.78,-118.77,100
CI,BAK,HHZ,--,35.34,-119.1,100
CI,BAK,HNZ,--,35.34,-119.1,100
CI,BAR,HHZ,--,32.68,-116.67,100
CI,BAR,HNZ,--,32.68,-116.67,100
CI,BBR,HHZ,--,34.26,-116.92,100
CI,BBR,HNZ,--,34.26,-116.92,100
CI,BBS,HHZ,--,33.92,-116.98,100
CI,BBS,HNZ,--,33.92,-116.98,100
CI,BC3,HHZ,--,33.66,-115.45,100
CI,BC3,HNZ,--,33.66,-115.45,100
CI,BCW,HHZ,--,34.94,-119.41,100
CI,BCW,HNZ,--,34.94,-119.41,100
CI,BEL,HHZ,--,34,-116,100
CI,BEL,HNZ,--,34,-116,100
CI,BFS,HHZ,--,34.24,-117.66,100
CI,BFS,HNZ,--,34.24,-117.66,100
CI,BHP,HHZ,--,33.99,-118.36,100
CI,BHP,HNZ,--,33.99,-118.36,100
CI,BLA2,HHZ,--,34.07,-116.39,100
CI,BLA2,HNZ,--,34.07,-116.39,100
CI,BLC,HHZ,--,34.24,-118.67,100
CI,BLC,HNZ,--,34.24,-118.67,100
CI,BLY,HHZ,--,33.75,-114.52,100
CI,BLY,HNZ,--,33.75,-114.52,100
CI,BOM,HHZ,--,33.36,-115.73,100
CI,BOM,HNZ,--,33.36,-115.73,100
CI,BOR,HHZ,--,33.27,-116.42,100
CI,BOR,HNZ,--,33.27,-116.42,100
CI,BRE,HHZ,--,33.81,-117.98,100
CI,BRE,HNZ,--,33.81,-117.98,100
CI,BTP,HHZ,--,34.68,-118.57,100
CI,BTP,HNZ,--,34.68,-118.57,100
CI,BUE,HNZ,--,34.61,-120.2,100
CI,CAC,HNZ,--,34.14,-118.12,100
CI,CAR,HHZ,--,35.31,-119.85,100
CI,CAR,HNZ,--,35.31,-119.85,100
CI,CCA,HHZ,--,35.15,-118.02,100
CI,CCA,HNZ,--,35.15,-118.02,100
CI,CCC,HHZ,--,35.52,-117.36,100
CI,CCC,HNZ,--,35.52,-117.36,100
CI,CFD,HNZ,--,34.4,-119.52,100
CI,CFS,HNZ,0,34.11,-117.28,100
CI,CFS,HNZ,1,34.11,-117.28,100
CI,CFT,HNZ,--,34.04,-117.11,100
CI,CGO,HHZ,--,36.55,-117.8,100
CI,CGO,HNZ,--,36.55,-117.8,100
CI,CHF,HHZ,--,34.33,-118.03,100
CI,CHF,HNZ,--,34.33,-118.03,100
CI,CHI,HNZ,--,34.18,-119.22,100
CI,CHK,HNZ,--,34.07,-118.97,100
CI,CHN,HHZ,--,34,-117.68,100
CI,CHN,HNZ,--,34,-117.68,100
CI,CHR,HHZ,--,34.73,-119.39,100
CI,CHR,HNZ,--,34.73,-119.39,100
CI,CIA,HHZ,--,33.4,-118.42,100
CI,CIA,HNZ,--,33.4,-118.42,100
CI,CJM,HHZ,--,34.27,-117.42,100
CI,CJM,HNZ,--,34.27,-117.42,100
CI,CJV2,HHZ,--,34.53,-118.14,100
CI,CJV2,HNZ,--,34.53,-118.14,100
CI,CKP,HHZ,--,33.56,-114.89,100
CI,CKP,HNZ,--,33.56,-114.89,100
CI,CLC,HHZ,--,35.82,-117.6,100
CI,CLC,HNZ,--,35.82,-117.6,100
CI,CLI2,HNZ,--,33.12,-115.58,100
CI,CLO,HNZ,--,34.22,-119.01,100
CI,CLT,HHZ,--,34.09,-117.32,100
CI,CLT,HNZ,--,34.09,-117.32,100
CI,COA,HHZ,--,32.86,-115.12,100
CI,COA,HNZ,--,32.86,-115.12,100
CI,COK2,HNZ,--,32.85,-115.73,100
CI,CPO,HNZ,--,32.64,-116.49,100
CI,CPT2,HNZ,--,33.34,-117.33,100
CI,CRF,HNZ,--,33.87,-118.04,100
CI,CRG,HHZ,--,35.24,-119.72,100
CI,CRG,HNZ,--,35.24,-119.72,100
CI,CRN,HNZ,--,33.88,-117.56,100
CI,CRR,HHZ,--,32.89,-115.97,100
CI,CRR,HNZ,--,32.89,-115.97,100
CI,CSH,HHZ,--,33.64,-116.6,100
CI,CSH,HNZ,--,33.64,-116.6,100
CI,CSL,HNZ,--,34.5,-118.62,100
CI,CTC,HHZ,--,33.66,-115.99,100
CI,CTC,HNZ,--,33.66,-115.99,100
CI,CTW,HHZ,--,33.68,-115.87,100
CI,CTW,HNZ,--,33.68,-115.87,100
CI,CVW,HNZ,--,34.92,-118.94,100
CI,CWC,HHZ,--,36.44,-118.08,100
CI,CWC,HNZ,--,36.44,-118.08,100
CI,CZN,HNZ,--,33.91,-116.78,100
CI,DAN,HHZ,--,34.64,-115.38,100
CI,DAN,HNZ,--,34.64,-115.38,100
CI,DAW,HHZ,--,36.27,-117.59,100
CI,DAW,HNZ,--,36.27,-117.59,100
CI,DEC,HHZ,--,34.25,-118.33,100
CI,DEC,HNZ,--,34.25,-118.33,100
CI,DEV,HHZ,--,33.94,-116.58,100
CI,DEV,HNZ,--,33.94,-116.58,100
CI,DGR,HHZ,--,33.65,-117.01,100
CI,DGR,HNZ,--,33.65,-117.01,100
CI,DJJ,HHZ,--,34.11,-118.46,100
CI,DJJ,HNZ,--,34.11,-118.46,100
CI,DJJB,HNZ,1,34.11,-118.46,100
CI,DLA,HHZ,--,33.85,-118.1,100
CI,DLA,HNZ,--,33.85,-118.1,100
CI,DNR,HHZ,--,33.57,-116.63,100
CI,DNR,HNZ,--,33.57,-116.63,100
CI,DPP,HHZ,--,33,-116.94,100
CI,DPP,HNZ,--,33,-116.94,100
CI,DRE,HHZ,--,32.81,-115.45,100
CI,DRE,HNZ,--,32.81,-115.45,100
CI,DSC,HHZ,--,35.14,-116.1,100
CI,DSC,HNZ,--,35.14,-116.1,100
CI,DTC,HNZ,--,34.42,-118.66,100
CI,DTP,HHZ,--,35.27,-117.85,100
CI,DTP,HNZ,--,35.27,-117.85,100
CI,DZA,HHZ,--,32.61,-116.77,100
CI,DZA,HNZ,--,32.61,-116.77,100
CI,EDW2,HHZ,--,34.88,-117.99,100
CI,EDW2,HNZ,--,34.88,-117.99,100
CI,ELS2,HHZ,--,33.65,-117.43,100
CI,ELS2,HNZ,--,33.65,-117.43,100
CI,EML,HHZ,--,32.89,-116.85,100
CI,EML,HNZ,--,32.89,-116.85,100
CI,EMS,HNZ,--,32.74,-114.99,100
CI,EOC,HNZ,--,34.45,-119.77,100
CI,ERR,HHZ,--,33.12,-115.82,100
CI,ERR,HNZ,--,33.12,-115.82,100
CI,ESI,HNZ,--,33.67,-117.33,100
CI,FHO,HHZ,--,34.09,-116.94,100
CI,FHO,HNZ,--,34.09,-116.94,100
CI,FIG,HHZ,--,34.73,-119.99,100
CI,FIG,HNZ,--,34.73,-119.99,100
CI,FMO,HNZ,--,34.41,-118.92,100
CI,FMP,HHZ,--,33.71,-118.29,100
CI,FMP,HNZ,--,33.71,-118.29,100
CI,FON,HNZ,--,34.1,-117.44,100
CI,FOX2,HHZ,--,34.73,-118.24,100
CI,FOX2,HNZ,--,34.73,-118.24,100
CI,FRM,HNZ,--,34.78,-118.97,100
CI,FUL,HNZ,--,33.87,-117.92,100
CI,FUR,HHZ,--,36.47,-116.86,100
CI,FUR,HNZ,--,36.47,-116.86,100
CI,GATR,HHZ,--,34.55,-120.5,100
CI,GATR,HNZ,--,34.55,-120.5,100
CI,GCC,HNZ,--,34.33,-118.32,100
CI,GFF,HNZ,--,34.92,-115.07,100
CI,GFS,HNZ,--,34.48,-120.21,100
CI,GLA,HHZ,--,33.05,-114.83,100
CI,GLA,HNZ,--,33.05,-114.83,100
CI,GMA,HHZ,--,34.29,-116.38,100
CI,GMA,HNZ,--,34.29,-116.38,100
CI,GMR,HHZ,--,34.78,-115.66,100
CI,GMR,HNZ,--,34.78,-115.66,100
CI,GOR,HHZ,--,33.15,-117.23,100
CI,GOR,HNZ,--,33.15,-117.23,100
CI,GOU,HNZ,--,34.22,-118.19,100
CI,GR2,HHZ,--,34.12,-118.3,100
CI,GR2,HNZ,1,34.12,-118.3,100
CI,GRA,HHZ,--,37,-117.37,100
CI,GRA,HNZ,--,37,-117.37,100
CI,GSA,HNZ,--,34.14,-118.13,100
CI,GSC,HHZ,--,35.3,-116.81,100
CI,GSC,HNZ,--,35.3,-116.81,100
CI,GVR,HNZ,--,34.05,-118.12,100
CI,HAR,HHZ,--,35.01,-117.3,100
CI,HAR,HNZ,--,35.01,-117.3,100
CI,HAY,HHZ,--,33.71,-115.64,100
CI,HAY,HNZ,--,33.71,-115.64,100
CI,HDH,HHZ,--,34.78,-118.64,100
CI,HDH,HNZ,--,34.78,-118.64,100
CI,HEC,HHZ,--,34.83,-116.34,100
CI,HEC,HNZ,--,34.83,-116.34,100
CI,HLL,HHZ,--,34.18,-118.36,100
CI,HLL,HNZ,--,34.18,-118.36,100
CI,HLN,HNZ,--,34.12,-117.22,100
CI,HMT2,HHZ,--,33.71,-117,100
CI,HMT2,HNZ,--,33.71,-117,100
CI,HOL,HHZ,--,34.46,-117.85,100
CI,HOL,HNZ,--,34.46,-117.85,100
CI,HYS,HHZ,--,34.87,-117.57,100
CI,HYS,HNZ,--,34.87,-117.57,100
CI,IDO,HHZ,--,33.8,-116.22,100
CI,IDO,HNZ,--,33.8,-116.22,100
CI,IDQ,HNZ,--,33.77,-116.24,100
CI,IDY,HNZ,--,33.75,-116.72,100
CI,IKP,HHZ,--,32.65,-116.11,100
CI,IKP,HNZ,--,32.65,-116.11,100
CI,IMP,HHZ,--,32.9,-115.56,100
CI,IMP,HNZ,--,32.9,-115.56,100
CI,IPT,HHZ,--,34.2,-117.29,100
CI,IPT,HNZ,--,34.2,-117.29,100
CI,IRM,HHZ,--,34.16,-115.15,100
CI,IRM,HNZ,--,34.16,-115.15,100
CI,ISA,HHZ,--,35.66,-118.47,100
CI,ISA,HNZ,--,35.66,-118.47,100
CI,IVY,HNZ,--,33.76,-117.48,100
CI,JEM,HHZ,--,33.08,-116.6,100
CI,JEM,HNZ,--,33.08,-116.6,100
CI,JNH2,HHZ,--,34.45,-117.96,100
CI,JNH2,HNZ,--,34.45,-117.96,100
CI,JRC2,HHZ,--,35.98,-117.81,100
CI,JRC2,HNZ,--,35.98,-117.81,100
CI,JTH,HHZ,--,34.13,-116.04,100
CI,JTH,HNZ,--,34.13,-116.04,100
CI,JVA,HHZ,--,34.37,-116.61,100
CI,JVA,HNZ,--,34.37,-116.61,100
CI,KIK,HNZ,--,34.15,-118.1,100
CI,KML,HNZ,--,33.6,-117.88,100
CI,KYV,HHZ,--,33.93,-116.17,100
CI,KYV,HNZ,--,33.93,-116.17,100
CI,LAF,HHZ,--,33.87,-118.33,100
CI,LAF,HNZ,--,33.87,-118.33,100
CI,LAT,HNZ,--,34.04,-118.78,100
CI,LBW1,HNZ,0,33.8,-118.09,100
CI,LBW1,HNZ,2,33.8,-118.09,100
CI,LBW2,HNZ,1,33.8,-118.09,100
CI,LCG,HHZ,--,34,-118.38,100
CI,LCG,HNZ,--,34,-118.38,100
CI,LCP,HHZ,--,34.74,-120.28,100
CI,LCP,HNZ,--,34.74,-120.28,100
CI,LDF,HHZ,--,35.13,-115.18,100
CI,LDF,HNZ,--,35.13,-115.18,100
CI,LDR,HHZ,--,34.99,-118.34,100
CI,LDR,HNZ,--,34.99,-118.34,100
CI,LEO,HNZ,--,34.63,-118.31,100
CI,LFP,HHZ,--,34.31,-118.49,100
CI,LFP,HNZ,--,34.31,-118.49,100
CI,LGB,HHZ,--,33.98,-118.15,100
CI,LGB,HNZ,--,33.98,-118.15,100
CI,LJR,HHZ,--,34.81,-118.87,100
CI,LJR,HNZ,--,34.81,-118.87,100
CI,LKH,HHZ,--,33.24,-116.76,100
CI,LKH,HNZ,--,33.24,-116.76,100
CI,LLS,HHZ,--,33.68,-117.94,100
CI,LLS,HNZ,--,33.68,-117.94,100
CI,LMH,HHZ,--,33.74,-117.39,100
CI,LMH,HNZ,--,33.74,-117.39,100
CI,LMR2,HHZ,--,34.93,-117.7,100
CI,LMR2,HNZ,--,34.93,-117.7,100
CI,LMS,HHZ,--,33.82,-117.45,100
CI,LMS,HNZ,--,33.82,-117.45,100
CI,LMY,HHZ,--,34.73,-119.1,100
CI,LMY,HNZ,--,34.73,-119.1,100
CI,LOC,HHZ,--,34.69,-120.45,100
CI,LOC,HNZ,--,34.69,-120.45,100
CI,LPC,HHZ,--,34.31,-117.55,100
CI,LPC,HNZ,--,34.31,-117.55,100
CI,LRL,HHZ,--,35.48,-117.68,100
CI,LRL,HNZ,--,35.48,-117.68,100
CI,LRR2,HHZ,--,34.53,-118.03,100
CI,LRR2,HNZ,--,34.53,-118.03,100
CI,LTP,HHZ,--,33.88,-118.18,100
CI,LTP,HNZ,--,33.88,-118.18,100
CI,LUC2,HHZ,--,34.46,-116.96,100
CI,LUC2,HNZ,--,34.46,-116.96,100
CI,LUG,HHZ,--,34.37,-117.37,100
CI,LUG,HNZ,--,34.37,-117.37,100
CI,LUS,HHZ,--,33.01,-117.16,100
CI,LUS,HNZ,--,33.01,-117.16,100
CI,LVY,HNZ,--,34.17,-119.16,100
CI,LYP,HHZ,--,32.7,-116.75,100
CI,LYP,HNZ,--,32.7,-116.75,100
CI,MAG,HNZ,--,35.36,-118.92,100
CI,MCT,HHZ,--,34.23,-116.04,100
CI,MCT,HNZ,--,34.23,-116.04,100
CI,MES,HNZ,--,34.26,-119.1,100
CI,MGE,HHZ,--,33.82,-116.37,100
CI,MGE,HNZ,--,33.82,-116.37,100
CI,MIKB,HNZ,--,34.14,-118.13,200
CI,MIS,HNZ,0,33.74,-118.34,100
CI,MLAC,HHZ,--,37.63,-118.84,100
CI,MLAC,HNZ,--,37.63,-118.84,100
CI,MLS,HHZ,--,34,-117.56,100
CI,MLS,HNZ,--,34,-117.56,100
CI,MMC,HNZ,--,33.57,-117.76,100
CI,MNO,HNZ,--,33.95,-117.17,100
CI,MOP,HHZ,--,34.28,-118.9,100
CI,MOP,HNZ,--,34.28,-118.9,100
CI,MOR,HNZ,--,33.5,-117.14,100
CI,MPI,HHZ,--,34.81,-119.15,100
CI,MPI,HNZ,--,34.81,-119.15,100
CI,MPM,HHZ,--,36.06,-117.49,100
CI,MPM,HNZ,--,36.06,-117.49,100
CI,MPP,HHZ,--,34.89,-119.81,100
CI,MPP,HNZ,--,34.89,-119.81,100
CI,MRS,HNZ,--,35.43,-116.89,100
CI,MSC,HHZ,--,34.04,-116.65,100
CI,MSC,HNZ,--,34.04,-116.65,100
CI,MSJ,HHZ,--,33.81,-116.97,100
CI,MSJ,HNZ,--,33.81,-116.97,100
CI,MTA,HNZ,--,33.43,-117.38,100
CI,MTG,HHZ,--,33.2,-116.65,100
CI,MTG,HNZ,--,33.2,-116.65,100
CI,MTP,HHZ,--,35.48,-115.55,100
CI,MTP,HNZ,--,35.48,-115.55,100
CI,MUR,HHZ,--,33.6,-117.2,100
CI,MUR,HNZ,--,33.6,-117.2,100
CI,MWC,HHZ,--,34.22,-118.06,100
CI,MWC,HNZ,--,34.22,-118.06,100
CI,NBS,HHZ,--,34.78,-116.56,100
CI,NBS,HNZ,--,34.78,-116.56,100
CI,NCH,HHZ,--,34.94,-119.67,100
CI,NCH,HNZ,--,34.94,-119.67,100
CI,NEE2,HHZ,--,34.77,-114.62,100
CI,NEE2,HNZ,--,34.77,-114.62,100
CI,NEN,HNZ,--,34.78,-118.5,100
CI,NJQ,HHZ,--,34.53,-120.18,100
CI,NJQ,HNZ,--,34.53,-120.18,100
CI,NOT,HNZ,--,34.23,-118.56,100
CI,NPN,HNZ,--,35.47,-115.27,100
CI,NSS2,HHZ,--,33.56,-115.95,100
CI,NSS2,HNZ,--,33.56,-115.95,100
CI,NWH,HNZ,--,33.73,-117.75,100
CI,OAT,HHZ,--,34.34,-118.61,100
CI,OAT,HNZ,--,34.34,-118.61,100
CI,OCP,HNZ,--,32.75,-116.02,100
CI,OGC,HNZ,--,33.79,-117.84,100
CI,OLI,HHZ,--,33.95,-117.92,100
CI,OLI,HNZ,--,33.95,-117.92,100
CI,OLP,HHZ,--,32.61,-116.93,100
CI,OLP,HNZ,--,32.61,-116.93,100
CI,OSI,HHZ,--,34.61,-118.72,100
CI,OSI,HNZ,--,34.61,-118.72,100
CI,PALA,HHZ,--,33.39,-117.03,100
CI,PALA,HNZ,--,33.39,-117.03,100
CI,PASC,HHZ,10,34.17,-118.19,100
CI,PASC,HHZ,0,34.17,-118.19,100
CI,PASC,HNZ,0,34.17,-118.19,100
CI,PASC,HNZ,10,34.17,-118.19,100
CI,PDE,HHZ,--,34.44,-118.58,100
CI,PDE,HNZ,--,34.44,-118.58,100
CI,PDM,HHZ,--,34.3,-114.14,100
CI,PDM,HNZ,--,34.3,-114.14,100
CI,PDR,HHZ,--,33.96,-118.44,100
CI,PDR,HNZ,--,33.96,-118.44,100
CI,PDU,HHZ,--,34.12,-117.64,100
CI,PDU,HNZ,--,34.12,-117.64,100
CI,PDW,HNZ,--,33.92,-117.62,100
CI,PER,HHZ,--,33.86,-117.21,100
CI,PER,HNZ,--,33.86,-117.21,100
CI,PGA,HNZ,--,33.49,-117.06,100
CI,PHL,HHZ,--,35.41,-120.55,100
CI,PHL,HNZ,--,35.41,-120.55,100
CI,PLM,HHZ,--,33.35,-116.86,100
CI,PLM,HNZ,--,33.35,-116.86,100
CI,PLS,HHZ,--,33.8,-117.61,100
CI,PLS,HNZ,--,33.8,-117.61,100
CI,PMD,HHZ,--,33.65,-116.38,100
CI,PMD,HNZ,--,33.65,-116.38,100
CI,POB2,HHZ,--,33.69,-116.92,100
CI,POB2,HNZ,--,33.69,-116.92,100
CI,PSD,HHZ,--,33.82,-116.55,100
CI,PSD,HNZ,--,33.82,-116.55,100
CI,PSR,HHZ,--,34.09,-117.81,100
CI,PSR,HNZ,--,34.09,-117.81,100
CI,PTD,HNZ,--,34,-118.81,100
CI,PUT,HNZ,--,34.69,-117.97,100
CI,QAD,HNZ,--,34.42,-119.61,100
CI,QLC,HHZ,--,35.04,-119.97,100
CI,QLC,HNZ,--,35.04,-119.97,100
CI,QUG,HNZ,--,34.4,-118.5,100
CI,RAG,HHZ,--,34.68,-116.15,100
CI,RAG,HNZ,--,34.68,-116.15,100
CI,RCT,HNZ,--,36.31,-119.24,100
CI,RCU,HNZ,--,34.08,-117.52,100
CI,RFR,HHZ,--,35.11,-120.1,100
CI,RFR,HNZ,--,35.11,-120.1,100
CI,RHC2,HHZ,--,34,-118.01,100
CI,RHC2,HNZ,--,34,-118.01,100
CI,RHR,HHZ,--,33.29,-117.18,100
CI,RHR,HNZ,--,33.29,-117.18,100
CI,RIN,HHZ,--,34.28,-118.48,100
CI,RIN,HNZ,--,34.28,-118.48,100
CI,RINB,HNZ,1,34.28,-118.48,100
CI,RIO,HHZ,--,34.1,-117.98,100
CI,RIO,HNZ,--,34.1,-117.98,100
CI,RKMO,HHZ,--,33.67,-117.61,100
CI,RKMO,HNZ,--,33.67,-117.61,100
CI,RMM,HNZ,--,34.64,-116.62,100
CI,RPV,HHZ,--,33.74,-118.4,100
CI,RPV,HNZ,--,33.74,-118.4,100
CI,RRX,HHZ,--,34.88,-117,100
CI,RRX,HNZ,--,34.88,-117,100
CI,RSB,HNZ,1,33.97,-117.33,100
CI,RSB,HNZ,2,33.97,-117.33,100
CI,RSI,HHZ,--,34.85,-120.21,100
CI,RSI,HNZ,--,34.85,-120.21,100
CI,RSS,HHZ,--,33.97,-117.33,100
CI,RSS,HNZ,--,33.97,-117.33,100
CI,RUN,HHZ,--,32.97,-114.98,100
CI,RUN,HNZ,--,32.97,-114.98,100
CI,RUS,HHZ,--,34.05,-118.08,100
CI,RUS,HNZ,--,34.05,-118.08,100
CI,RVR,HHZ,--,33.99,-117.38,100
CI,RVR,HNZ,--,33.99,-117.38,100
CI,RXH,HHZ,--,33.18,-115.62,100
CI,RXH,HNZ,--,33.18,-115.62,100
CI,SAL,HHZ,--,33.28,-115.99,100
CI,SAL,HNZ,--,33.28,-115.99,100
CI,SAN,HNZ,--,33.7,-117.89,100
CI,SBB2,HHZ,--,34.69,-117.82,100
CI,SBB2,HNZ,--,34.69,-117.82,100
CI,SBC,HHZ,--,34.44,-119.71,100
CI,SBC,HNZ,--,34.44,-119.71,100
CI,SBI,HHZ,--,33.48,-119.03,100
CI,SBI,HNZ,--,33.48,-119.03,100
CI,SBPX,HHZ,--,34.23,-117.23,100
CI,SBPX,HNZ,--,34.23,-117.23,100
CI,SCI2,HHZ,--,32.98,-118.55,100
CI,SCI2,HNZ,--,32.98,-118.55,100
CI,SCZ2,HHZ,--,34,-119.64,100
CI,SCZ2,HNZ,--,34,-119.64,100
CI,SDD,HHZ,--,33.55,-117.66,100
CI,SDD,HNZ,--,33.55,-117.66,100
CI,SDG,HHZ,--,32.78,-117.14,100
CI,SDG,HNZ,--,32.78,-117.14,100
CI,SDR,HHZ,--,32.74,-116.94,100
CI,SDR,HNZ,--,32.74,-116.94,100
CI,SES,HHZ,--,34.44,-119.14,100
CI,SES,HNZ,--,34.44,-119.14,100
CI,SGL,HHZ,--,32.65,-115.73,100
CI,SGL,HNZ,--,32.65,-115.73,100
CI,SHO,HHZ,--,35.9,-116.28,100
CI,SHO,HNZ,--,35.9,-116.28,100
CI,SHU,HNZ,--,34.64,-118.16,100
CI,SIL,HNZ,--,34.35,-116.83,100
CI,SLA,HHZ,--,35.89,-117.28,100
CI,SLA,HNZ,--,35.89,-117.28,100
CI,SLB,HHZ,--,33.49,-115.87,100
CI,SLB,HNZ,--,33.49,-115.87,100
CI,SLH,HHZ,--,33.19,-116.25,100
CI,SLH,HNZ,--,33.19,-116.25,100
CI,SLM,HNZ,--,34.45,-118.42,100
CI,SLR,HHZ,--,33.83,-116.8,100
CI,SLR,HNZ,--,33.83,-116.8,100
CI,SMF2,HHZ,--,34.02,-118.45,100
CI,SMF2,HNZ,--,34.02,-118.45,100
CI,SMI,HHZ,--,34.04,-120.35,100
CI,SMI,HNZ,--,34.04,-120.35,100
CI,SMM,HHZ,--,35.31,-120,100
CI,SMM,HNZ,--,35.31,-120,100
CI,SMR,HHZ,--,35.38,-120.61,100
CI,SMR,HNZ,--,35.38,-120.61,100
CI,SMT,HNZ,--,34.33,-119.01,100
CI,SMV,HNZ,--,34.27,-118.74,100
CI,SMW,HHZ,--,35.01,-120.41,100
CI,SMW,HNZ,--,35.01,-120.41,100
CI,SNCC,HHZ,--,33.25,-119.52,100
CI,SNCC,HNZ,--,33.25,-119.52,100
CI,SNO,HHZ,--,34.04,-116.81,100
CI,SNO,HNZ,--,34.04,-116.81,100
CI,SNR,HHZ,--,32.86,-115.44,100
CI,SNR,HNZ,--,32.86,-115.44,100
CI,SOC,HHZ,--,33.39,-117.58,100
CI,SOC,HNZ,--,33.39,-117.58,100
CI,SPF,HHZ,--,34.06,-118.65,100
CI,SPF,HNZ,--,34.06,-118.65,100
CI,SPG2,HHZ,--,36.2,-118.77,100
CI,SPG2,HNZ,--,36.2,-118.77,100
CI,SQC,HNZ,--,34.87,-120.29,100
CI,SRA,HHZ,--,34.61,-115.95,100
CI,SRA,HNZ,--,34.61,-115.95,100
CI,SRI,HHZ,--,33.98,-120.08,100
CI,SRI,HNZ,--,33.98,-120.08,100
CI,SRN,HHZ,--,33.83,-117.79,100
CI,SRN,HNZ,--,33.83,-117.79,100
CI,SRT,HHZ,--,35.69,-117.75,100
CI,SRT,HNZ,--,35.69,-117.75,100
CI,SSS,HNZ,--,34.03,-117.46,100
CI,STC,HHZ,--,34.3,-119.19,100
CI,STC,HNZ,--,34.3,-119.19,100
CI,STG,HHZ,--,33.66,-117.77,100
CI,STG,HNZ,--,33.66,-117.77,100
CI,STS,HHZ,--,33.79,-118.2,100
CI,STS,HNZ,--,33.79,-118.2,100
CI,SVD,HHZ,--,34.11,-117.1,100
CI,SVD,HNZ,--,34.11,-117.1,100
CI,SWP,HHZ,--,32.79,-116.1,100
CI,SWP,HNZ,--,32.79,-116.1,100
CI,SWS,HHZ,--,32.95,-115.8,100
CI,SWS,HNZ,--,32.95,-115.8,100
CI,SYN,HHZ,--,34.61,-120.07,100
CI,SYN,HNZ,--,34.61,-120.07,100
CI,SYP,HHZ,--,34.53,-119.98,100
CI,SYP,HNZ,--,34.53,-119.98,100
CI,TA2,HHZ,--,34.38,-117.68,100
CI,TA2,HNZ,--,34.38,-117.68,100
CI,TEH,HHZ,--,35.29,-118.42,100
CI,TEH,HNZ,--,35.29,-118.42,100
CI,TEJ,HNZ,--,35.23,-118.69,100
CI,TFT,HHZ,--,35.15,-119.42,100
CI,TFT,HNZ,--,35.15,-119.42,100
CI,THC,HNZ,--,34.91,-118.66,100
CI,THM,HHZ,--,33.65,-116.08,100
CI,THM,HNZ,--,33.65,-116.08,100
CI,TIN,HHZ,--,37.05,-118.23,100
CI,TIN,HNZ,--,37.05,-118.23,100
CI,TJR,HNZ,--,35.03,-118.74,100
CI,TOR,HHZ,--,33.58,-116.23,100
CI,TOR,HNZ,--,33.58,-116.23,100
CI,TOW2,HHZ,--,35.81,-117.76,100
CI,TOW2,HNZ,--,35.81,-117.76,100
CI,TPO,HHZ,--,34.88,-118.23,100
CI,TPO,HNZ,--,34.88,-118.23,100
CI,TUQ,HHZ,--,35.44,-115.92,100
CI,TUQ,HNZ,--,35.44,-115.92,100
CI,USB,HNZ,0,34.41,-119.84,100
CI,USC,HHZ,--,34.02,-118.29,100
CI,USC,HNZ,--,34.02,-118.29,100
CI,VCP,HNZ,--,33.24,-117.02,100
CI,VCS,HHZ,--,34.48,-118.12,100
CI,VCS,HNZ,--,34.48,-118.12,100
CI,VES,HHZ,--,35.84,-119.08,100
CI,VES,HNZ,--,35.84,-119.08,100
CI,VLY,HNZ,--,33.74,-117.16,100
CI,VOG,HHZ,--,36.32,-119.38,100
CI,VOG,HNZ,--,36.32,-119.38,100
CI,VTV,HHZ,--,34.56,-117.33,100
CI,VTV,HNZ,--,34.56,-117.33,100
CI,WAS2,HHZ,--,35.74,-118.56,100
CI,WAS2,HNZ,--,35.74,-118.56,100
CI,WBM,HHZ,--,35.61,-117.89,100
CI,WBM,HNZ,--,35.61,-117.89,100
CI,WBS,HHZ,--,35.54,-118.14,100
CI,WBS,HNZ,--,35.54,-118.14,100
CI,WCS2,HHZ,--,36.03,-117.77,100
CI,WCS2,HNZ,--,36.03,-117.77,100
CI,WES,HHZ,--,32.76,-115.73,100
CI,WES,HNZ,--,32.76,-115.73,100
CI,WGR,HHZ,--,34.51,-119.27,100
CI,WGR,HNZ,--,34.51,-119.27,100
CI,WHF,HHZ,--,35.7,-118.35,100
CI,WHF,HNZ,--,35.7,-118.35,100
CI,WLH2,HHZ,--,36.15,-118.31,100
CI,WLH2,HNZ,--,36.15,-118.31,100
CI,WLS2,HNZ,--,34.58,-117.72,100
CI,WLT,HHZ,--,34.01,-117.95,100
CI,WLT,HNZ,--,34.01,-117.95,100
CI,WMD,HHZ,--,33.04,-115.58,100
CI,WMD,HNZ,--,33.04,-115.58,100
CI,WMF,HHZ,--,36.12,-117.85,100
CI,WMF,HNZ,--,36.12,-117.85,100
CI,WNM,HNZ,--,35.84,-117.91,100
CI,WNS,HNZ,0,34.12,-118.38,100
CI,WNS,HNZ,1,34.12,-118.38,100
CI,WOR,HHZ,--,35.7,-118.24,100
CI,WOR,HNZ,--,35.7,-118.24,100
CI,WRC2,HHZ,--,35.95,-117.65,100
CI,WRC2,HNZ,--,35.95,-117.65,100
CI,WRV2,HNZ,--,36.01,-117.89,100
CI,WSS,HHZ,--,34.17,-118.65,100
CI,WSS,HNZ,--,34.17,-118.65,100
CI,WTT2,HHZ,--,33.95,-118.26,100
CI,WTT2,HNZ,--,33.95,-118.26,100
CI,WVP2,HNZ,--,35.95,-117.82,100
CI,WWC,HHZ,--,33.94,-116.41,100
CI,WWC,HNZ,--,33.94,-116.41,100
CI,YEG2,HHZ,--,35.44,-119.96,100
CI,YEG2,HNZ,--,35.44,-119.96,100
CI,YUC,HNZ,--,34.2,-116.41,100
CI,YUH2,HHZ,--,32.65,-115.92,100
CI,YUH2,HNZ,--,32.65,-115.92,100
CN,BFSB,HHZ,--,48.83,-125.14,100
CN,BFSB,HNZ,--,48.83,-125.14,100
CN,CBB,HHZ,--,50.03,-125.37,100
CN,CLRS,HHZ,--,48.82,-124.13,100
CN,CLRS,HNZ,--,48.82,-124.13,100
CN,EDB,BHZ,--,49.87,-127.12,40
CN,GDR,HHZ,--,49.78,-126.06,100
CN,GDR,HNZ,--,49.78,-126.06,100
CN,GOBB,HHZ,--,48.95,-123.51,100
CN,GOBB,HNZ,--,48.95,-123.51,100
CN,HNBB,HHZ,--,49.29,-122.57,100
CN,HNBB,HNZ,--,49.29,-122.57,100
CN,HOLB,HHZ,--,50.64,-128.13,100
CN,HOLB,HNZ,--,50.64,-128.13,100
CN,HOPB,HHZ,--,49.39,-121.42,100
CN,HOPB,HNZ,--,49.39,-121.42,100
CN,LLLB,HHZ,--,50.61,-121.88,100
CN,NLLB,HHZ,--,49.23,-123.99,100
CN,NLLB,HNZ,--,49.23,-123.99,100
CN,OZB,BHZ,--,48.96,-125.5,40
CN,PACB,HHZ,--,50.44,-127.49,100
CN,PACB,HNZ,--,50.44,-127.49,100
CN,PGC,HHZ,--,48.65,-123.45,100
CN,PGC,HNZ,--,48.65,-123.45,100
CN,PHC,HHZ,--,50.71,-127.43,100
CN,PNT,HHZ,--,49.32,-119.63,100
CN,PTRF,HHZ,--,48.54,-124.41,100
CN,PTRF,HNZ,--,48.54,-124.41,100
CN,SHB,BHZ,--,49.6,-123.88,40
CN,SNB,HHZ,--,48.78,-123.17,100
CN,SNB,HNZ,--,48.78,-123.17,100
CN,SPLB,HHZ,--,49.89,-125.65,100
CN,SYMB,HHZ,--,48.56,-123.8,100
CN,SYMB,HNZ,--,48.56,-123.8,100
CN,TOFB,HHZ,--,49.15,-125.91,100
CN,VGZ,HHZ,--,48.41,-123.33,100
CN,VGZ,HNZ,--,48.41,-123.33,100
CN,WOSB,HHZ,--,50.16,-126.57,100
CN,WOSB,HNZ,--,50.16,-126.57,100
CN,WSLR,HHZ,--,50.13,-122.92,100
CN,WSLR,HNZ,--,50.13,-122.92,100
IU,COR,BHZ,0,44.59,-123.3,20
NC,AFD,HHZ,--,38.95,-120.97,100
NC,AFD,HNZ,--,38.95,-120.97,100
NC,BBGB,HHZ,--,36.58,-121.04,100
NC,BBGB,HNZ,--,36.58,-121.04,100
NC,BJOB,HNZ,--,36.61,-121.31,100
NC,BPRB,HNZ,1,36.41,-121.73,100
NC,BSG,HNZ,1,36.41,-121.26,100
NC,BSR,HNZ,--,36.67,-121.52,100
NC,CADB,HNZ,--,37.16,-121.63,100
NC,CAG,HNZ,--,37.86,-122.42,100
NC,CAL,HNZ,--,37.45,-121.8,100
NC,CAO,HNZ,1,37.35,-121.53,100
NC,CBP,HNZ,--,37.75,-121.71,100
NC,CBR,HNZ,--,37.82,-122.06,100
NC,CBSB,HNZ,1,37.82,-121.64,100
NC,CCOB,HNZ,--,37.26,-121.67,100
NC,CDOB,HNZ,--,37.73,-121.83,100
NC,CHR,HNZ,--,37.37,-121.77,100
NC,CLCB,HNZ,--,37.74,-122.06,100
NC,CMC,HNZ,2,37.78,-122.18,100
NC,CML,HNZ,1,37.48,-121.65,100
NC,CMLP,HNZ,--,37.45,-121.83,100
NC,CMM,HNZ,--,37.46,-121.49,100
NC,CMOB,HNZ,--,37.81,-121.8,100
NC,CMW,HHZ,--,37.54,-121.89,200
NC,CNI,HNZ,--,37.61,-121.96,100
NC,CPI,HNZ,--,37.99,-122.22,100
NC,CPM,HNZ,--,37.95,-122.41,100
NC,CRH,HNZ,--,37.86,-121.99,100
NC,CRPB,HNZ,--,37.91,-121.91,100
NC,CSL,HNZ,--,37.72,-122.12,100
NC,CSPB,HNZ,--,37.96,-122.31,100
NC,CTA,HNZ,--,38.03,-122.02,100
NC,CVL,HNZ,--,37.62,-121.84,100
NC,CYB,HNZ,--,37.81,-122.36,100
NC,CYD,HNZ,--,37.56,-122.1,200
NC,GAXB,HNZ,--,38.71,-122.76,100
NC,GCVB,HNZ,--,38.77,-123.01,100
NC,GDXB,HHZ,--,38.81,-122.8,100
NC,GDXB,HNZ,--,38.81,-122.8,100
NC,GMR,HNZ,1,39.13,-123.47,100
NC,GRT,HNZ,1,38.94,-122.67,100
NC,GWR,HNZ,1,39.21,-123.3,100
NC,HCBB,HNZ,1,36.93,-121.66,100
NC,HCRB,HNZ,1,36.96,-121.58,100
NC,HLP,HNZ,--,37.04,-121.63,100
NC,HMOB,HNZ,--,36.6,-121.92,100
NC,HTU,HNZ,--,36.83,-121.64,100
NC,JAR,HNZ,--,36.99,-122.06,100
NC,JBG,HNZ,--,37.34,-122.34,100
NC,JBMB,HNZ,--,37.32,-122.15,100
NC,JBNB,HNZ,--,37.12,-122.16,100
NC,JBR,HNZ,--,37.17,-122.01,100
NC,JCH,HNZ,--,37.52,-122.38,100
NC,JECB,HNZ,--,37.05,-121.81,100
NC,JELB,HNZ,--,36.93,-121.83,100
NC,JFP,HNZ,--,37.36,-122.19,100
NC,JGR,HNZ,--,37.52,-122.46,100
NC,JHU,HNZ,--,37.21,-122.17,100
NC,JJO,HNZ,--,37.21,-121.98,100
NC,JLAB,HNZ,--,37.15,-121.73,100
NC,JMGB,HNZ,--,37.64,-122.47,100
NC,JPC,HNZ,--,37.27,-122.21,100
NC,JPR,HNZ,--,37.8,-122.48,100
NC,JPSB,HNZ,--,37.2,-122.35,100
NC,JSA,HNZ,--,37.58,-122.42,100
NC,JSB,HNZ,--,37.67,-122.4,100
NC,JSCB,HNZ,--,37.28,-122.12,100
NC,JSFB,HNZ,--,37.4,-122.18,100
NC,JSGB,HNZ,--,37.28,-122.05,100
NC,JSJ,HNZ,--,37.33,-122.09,100
NC,JSP,HNZ,--,37.59,-122.5,100
NC,KBO,HHZ,--,42.21,-124.23,100
NC,KBO,HNZ,--,42.21,-124.23,100
NC,KCO,HNZ,--,40.26,-124.27,100
NC,KCPB,HHZ,--,39.69,-123.58,100
NC,KCPB,HNZ,--,39.69,-123.58,100
NC,KCT,HHZ,--,40.48,-124.34,100
NC,KCT,HNZ,--,40.48,-124.34,100
NC,KEB,HHZ,--,42.87,-124.33,100
NC,KEB,HNZ,--,42.87,-124.33,100
NC,KHBB,HHZ,--,40.66,-123.22,100
NC,KHBB,HNZ,--,40.66,-123.22,100
NC,KHMB,HHZ,--,40.87,-123.73,100
NC,KHMB,HNZ,--,40.87,-123.73,100
NC,KMPB,HHZ,--,40.42,-124.12,100
NC,KMPB,HNZ,--,40.42,-124.12,100
NC,KMR,HHZ,--,40.2,-123.71,100
NC,KMR,HNZ,--,40.2,-123.71,100
NC,KOM,HNZ,2,41.28,-123.45,100
NC,KRMB,HHZ,--,41.52,-123.91,100
NC,KRMB,HNZ,--,41.52,-123.91,100
NC,KRP,HHZ,--,41.16,-124.02,100
NC,KRP,HNZ,--,41.16,-124.02,100
NC,KSXB,HHZ,--,41.83,-123.88,100
NC,KSXB,HNZ,--,41.83,-123.88,100
NC,LDH,HHZ,--,40.51,-121.58,100
NC,LDH,HNZ,--,40.51,-121.58,100
NC,LMC,HHZ,--,41.27,-122.12,100
NC,LMC,HNZ,--,41.27,-122.12,100
NC,MCB,HHZ,--,37.64,-118.9,100
NC,MCB,HNZ,--,37.64,-118.9,100
NC,MCO,HNZ,--,37.62,-118.86,100
NC,MCY,HNZ,--,37.64,-119.03,100
NC,MDH,HNZ,--,37.68,-118.91,100
NC,MDPB,HHZ,--,37.63,-119.08,100
NC,MDPB,HNZ,--,37.63,-119.08,100
NC,MDY,HHZ,--,37.66,-119.01,100
NC,MDY,HNZ,--,37.66,-119.01,100
NC,MINS,HHZ,--,37.65,-119.06,100
NC,MINS,HNZ,--,37.65,-119.06,100
NC,MLI,HHZ,--,37.64,-119.02,100
NC,MLI,HNZ,--,37.64,-119.02,100
NC,MMLB,HHZ,--,37.66,-118.98,100
NC,MMLB,HNZ,--,37.66,-118.98,100
NC,MQ1P,HNZ,--,37.61,-119.02,100
NC,NAPC,HNZ,--,38.44,-122.25,100
NC,NBO,HNZ,--,37.92,-122.72,100
NC,NBRB,HNZ,--,38.26,-122.55,100
NC,NCC,HNZ,--,38,-122.47,100
NC,NCT,HNZ,--,38,-122.62,100
NC,NEA,HNZ,--,38.31,-122.94,100
NC,NFV,HNZ,--,38.47,-122.9,100
NC,NGVB,HNZ,--,38.28,-122.22,100
NC,NHC,HNZ,--,38.22,-122.36,100
NC,NHF,HNZ,--,38.05,-122.52,100
NC,NHM,HNZ,--,38.15,-121.8,100
NC,NHS,HNZ,--,38.66,-122.61,100
NC,NHV,HNZ,--,38.16,-122.71,100
NC,NLH,HNZ,--,38.12,-122.15,100
NC,NMI,HNZ,--,38.08,-122.26,100
NC,NOLB,HNZ,--,38.04,-122.8,100
NC,NPRB,HNZ,--,38,-123.02,100
NC,NSM,HNZ,--,38.35,-122.58,100
NC,NSP,HNZ,--,38.2,-122.46,100
NC,NTAC,HNZ,--,37.92,-122.6,100
NC,NTO,HNZ,--,38.14,-122.45,100
NC,NTR,HNZ,--,38.24,-122.8,100
NC,NTYB,HNZ,--,38.39,-122.66,100
NC,PAGB,HHZ,--,35.73,-120.25,100
NC,PAGB,HNZ,--,35.73,-120.25,100
NC,PCC,HNZ,--,36.09,-121.16,100
NC,PHOB,HNZ,--,35.87,-120.48,100
NC,PHSB,HNZ,--,35.82,-121.05,100
NC,PMPB,HHZ,--,36.22,-120.8,100
NC,PMPB,HNZ,--,36.22,-120.8,100
NC,PSAB,HNZ,1,36.02,-120.89,100
NC,PSM,HNZ,--,36.07,-120.6,100
NC,PVAA,HNZ,1,34.59,-120.63,200
NC,PVAB,HNZ,1,34.64,-120.59,200
NC,PVAC,HNZ,1,34.72,-120.53,200
NC,PVAD,HNZ,1,34.75,-120.61,200
NP,1041,HNZ,10,35,-119.49,100
NP,1745,HNZ,0,37.46,-122.17,200
NP,1745,HNZ,B1,37.46,-122.17,200
NP,1767,HNZ,--,38.44,-122.7,200
NP,1793,HNZ,--,37.35,-121.81,100
NP,1798,HNZ,--,37.38,-121.84,100
NP,1799,HNZ,--,37.27,-121.99,100
NP,1865,HNZ,--,36.88,-121.39,200
NP,2172,HNZ,--,45.51,-122.68,200
NP,2194,HNZ,--,47.21,-123.1,200
NP,286,HNZ,0,32.95,-115.82,200
NP,5030,HNZ,--,34.52,-117.99,100
NP,5036,HNZ,10,34.19,-117.43,100
NP,5053,HNZ,10,32.67,-115.49,100
NP,5054,HNZ,10,32.69,-115.34,100
NP,5056,HNZ,10,32.96,-115.32,100
NP,5058,HNZ,10,32.75,-115.6,100
NP,5062,HNZ,--,33.18,-115.62,100
NP,5080,HNZ,10,34.08,-118.69,100
NP,5081,HNZ,--,34.08,-118.6,100
NP,5230,HNZ,10,33.57,-116.51,100
NP,5231,HNZ,10,33.46,-116.64,100
NP,5241,HNZ,10,33.51,-116.8,100
NP,5271,HNZ,--,33.35,-115.73,100
NP,5272,HNZ,10,32.71,-115.09,100
NP,5288,HNZ,10,33.7,-118.02,100
NP,5337,HNZ,10,34.14,-117.29,100
NP,5371,HNZ,10,34.21,-117.37,100
NP,5375,HNZ,10,33.16,-116.17,100
NP,5402,HNZ,--,34.08,-118.4,100
NP,5403,HNZ,--,34.4,-119.3,100
NP,5409,HNZ,10,34.23,-117.48,100
NP,5422,HNZ,10,34.19,-118.45,100
NP,5425,HNZ,10,34.28,-118.56,100
NP,5430,HNZ,10,33.2,-117.38,100
NP,5431,HNZ,10,34.22,-118.87,100
NP,5434,HNZ,10,34.08,-118.86,100
NP,5442,HNZ,--,34.05,-116.94,100
NP,5444,HNZ,--,33.63,-116.1,100
NP,5470,HNZ,--,35.06,-119.03,100
NP,5480,HNZ,--,34.7,-118.43,200
NP,5491,HNZ,10,32.82,-116.53,100
NP,5492,HNZ,--,34.2,-118.36,100
NP,5494,HNZ,10,32.96,-116.58,100
NP,5499,HNZ,--,33.94,-118.42,100
NP,7030,HNZ,--,47.45,-122.3,200
NP,7040,HNZ,--,47.86,-122.58,200
NP,7042,HNZ,--,45.61,-122.5,200
NP,7043,HNZ,--,48.72,-122.5,200
NP,7044,HNZ,--,47.14,-122.48,200
NV,NC27,HHZ,--,47.76,-127.76,200
NV,NC89,HHZ,--,48.67,-126.85,200
NV,NCBC,HHZ,--,48.43,-126.18,200
OO,AXBA1,HHZ,--,45.82,-129.74,200
OO,AXCC1,HHZ,--,45.95,-130.01,200
OO,AXEC2,HHZ,--,45.94,-129.97,200
OO,HYS14,HHZ,--,44.57,-125.15,200
OO,HYSB1,HHZ,--,44.51,-125.41,200
UO,BEER,ENZ,--,44.11,-123.85,100
UO,BEER,HHZ,--,44.11,-123.85,100
UO,BUCK,ENZ,--,44.2,-122.99,100
UO,BUCK,HHZ,--,44.2,-122.99,100
UO,CARM,HNZ,--,44.3,-122.04,200
UO,CAVE,ENZ,--,42.12,-123.57,100
UO,CAVE,HHZ,--,42.12,-123.57,100
UO,CHIL,ENZ,--,42.62,-121.75,100
UO,CHIL,HHZ,--,42.62,-121.75,100
UO,COQI,HNZ,--,43.19,-124.18,200
UO,DBO,ENZ,--,43.12,-123.24,100
UO,DBO,HHZ,--,43.12,-123.24,100
UO,DFAZ,ENZ,--,43.24,-122.11,100
UO,DFAZ,HHZ,--,43.24,-122.11,100
UO,DRAN,ENZ,--,43.7,-123.35,100
UO,DRAN,HHZ,--,43.7,-123.35,100
UO,ETON,HNZ,--,43.64,-123.58,200
UO,FALZ,HNZ,--,44.87,-123.43,200
UO,FHAC,ENZ,--,44.34,-121.34,100
UO,FHAC,HHZ,--,44.34,-121.34,100
UO,HAGG,HNZ,--,45.48,-123.2,200
UO,HAPY,HNZ,--,45.45,-122.55,200
UO,JEFF,HNZ,--,44.73,-123.01,200
UO,JESE,ENZ,--,45.24,-121.32,100
UO,JESE,HHZ,--,45.24,-121.32,100
UO,KVCS,HNZ,--,44.69,-123.43,200
UO,LAIR,ENZ,--,43.16,-123.93,100
UO,LAIR,HHZ,--,43.16,-123.93,100
UO,LEAB,HNZ,--,44.12,-122.63,200
UO,LOST,HNZ,--,42.02,-121.5,200
UO,MARQ,ENZ,--,45.07,-122.67,100
UO,MARQ,HHZ,--,45.07,-122.67,100
UO,MINN,ENZ,--,45.21,-123.26,100
UO,MINN,HHZ,--,45.21,-123.26,100
UO,NATH,ENZ,--,43.79,-122.41,100
UO,NATH,HHZ,--,43.79,-122.41,100
UO,NOMA,HNZ,--,45.21,-122.8,200
UO,PINE,ENZ,--,43.79,-120.94,100
UO,PINE,HHZ,--,43.79,-120.94,100
UO,RAIN,ENZ,--,46.08,-123.01,100
UO,RAIN,HHZ,--,46.08,-123.01,100
UO,ROGE,ENZ,--,42.7,-123.67,100
UO,ROGE,HHZ,--,42.7,-123.67,100
UO,ROXY,HNZ,--,42.35,-122.79,200
UO,RUCH,HNZ,--,42.22,-123.05,200
UO,TOOM,ENZ,--,43.28,-121.23,100
UO,TOOM,HHZ,--,43.28,-121.23,100
UO,TRIG,HNZ,--,44.19,-123.55,200
UO,VERN,ENZ,--,45.85,-123.25,100
UO,VERN,HHZ,--,45.85,-123.25,100
UO,WILL,HNZ,--,45.08,-123.48,200
UO,WLOO,ENZ,--,44.52,-122.74,100
UO,WLOO,HHZ,--,44.52,-122.74,100
UO,WOOD,ENZ,--,42.22,-122.3,100
UO,WOOD,HHZ,--,42.22,-122.3,100
UO,YANK,HNZ,--,45.87,-122.89,200
US,BMO,BHZ,0,44.85,-117.31,40
US,HAWA,BHZ,0,46.39,-119.53,40
US,NEW,BHZ,0,48.26,-117.12,40
US,NLWA,BHZ,0,47.39,-123.87,40
US,WVOR,BHZ,0,42.43,-118.64,40
UW,ALCT,ENZ,--,47.65,-122.04,100
UW,ALKI,HNZ,--,47.58,-122.42,200
UW,ALST,ENZ,--,46.11,-123.03,100
UW,ALVY,ENZ,--,44,-123.02,100
UW,BABE,ENZ,--,47.61,-122.54,100
UW,BABR,ENZ,--,44.62,-123.79,100
UW,BABR,HHZ,--,44.62,-123.79,100
UW,BAND,HNZ,--,43.09,-124.41,200
UW,BEAV,HNZ,--,45.53,-122.84,200
UW,BEND,ENZ,--,44.07,-121.33,100
UW,BERY,ENZ,--,48.26,-122.1,100
UW,BERY,HHZ,--,48.26,-122.1,100
UW,BEVT,ENZ,--,47.93,-122.28,100
UW,BILS,HNZ,--,47.54,-124.25,200
UW,BLN,HNZ,--,48.01,-122.97,200
UW,BLOW,ENZ,--,44.68,-122.19,100
UW,BLOW,HHZ,--,44.68,-122.19,100
UW,BNG,HNZ,--,47.53,-122.3,200
UW,BOW2,ENZ,--,46.48,-123.23,100
UW,BRAN,BHZ,--,45.97,-117.23,40
UW,BRKS,ENZ,--,47.76,-122.29,100
UW,BROK,HNZ,--,42.08,-124.29,200
UW,BSFP,ENZ,--,47.53,-122.31,100
UW,BULL,HNZ,--,45.45,-122.16,200
UW,BURN,ENZ,--,43.57,-119.13,100
UW,CABL,HNZ,--,42.84,-124.56,200
UW,CCRK,ENZ,--,46.56,-119.85,100
UW,CCRK,HHZ,--,46.56,-119.85,100
UW,CDMR,ENZ,--,47.42,-121.76,100
UW,CHZZ,HNZ,--,45.49,-123.98,200
UW,CNNB,HNZ,--,45.89,-123.96,200
UW,COLT,ENZ,--,45.17,-122.44,100
UW,COOS,HNZ,--,43.4,-124.25,200
UW,CORE,HNZ,--,46.93,-123.92,200
UW,CPW,ENZ,--,46.97,-123.14,100
UW,CTR,HNZ,--,47.62,-122.35,200
UW,DAVN,BHZ,--,47.8,-118.27,40
UW,DDRF,ENZ,--,46.49,-119.06,100
UW,DDRF,HHZ,--,46.49,-119.06,100
UW,DOSE,BHZ,--,47.72,-122.97,40
UW,DOSE,ENZ,--,47.72,-122.97,100
UW,DREG,HNZ,--,45.57,-122.72,200
UW,EARN,ENZ,--,47.74,-122.04,100
UW,EGRN,ENZ,--,47.07,-122.97,100
UW,ELW,ENZ,--,47.49,-121.87,100
UW,EPH2,ENZ,--,47.37,-119.61,100
UW,EPH2,HHZ,--,47.37,-119.61,100
UW,ERW,HNZ,--,48.45,-122.63,200
UW,EVGW,ENZ,--,47.85,-122.15,100
UW,EYES,ENZ,--,45.33,-123.06,100
UW,FINN,HNZ,--,47.72,-122.23,200
UW,FISH,ENZ,--,45.93,-123.56,100
UW,FISH,HHZ,--,45.93,-123.56,100
UW,FLRE,HNZ,--,43.99,-124.11,200
UW,FORK,BHZ,--,47.95,-124.57,40
UW,FORK,ENZ,--,47.95,-124.57,100
UW,GBB,ENZ,--,46.61,-119.63,100
UW,GBB,HHZ,--,46.61,-119.63,100
UW,GHW,ENZ,--,47.04,-122.27,100
UW,GLDO,ENZ,--,45.84,-120.81,100
UW,GMO,ENZ,--,44.44,-120.96,100
UW,GMW,ENZ,--,47.55,-122.79,100
UW,GNW,BHZ,--,47.56,-122.83,40
UW,GNW,ENZ,--,47.56,-122.83,100
UW,GRE,HNZ,--,47.67,-122.34,200
UW,GRUT,ENZ,--,46.55,-119.51,100
UW,GSM,ENZ,--,47.2,-121.8,100
UW,GTWN,ENZ,--,47.55,-122.32,100
UW,H1K,ENZ,--,46.64,-119.59,100
UW,H2E,HNZ,--,46.56,-119.53,200
UW,H2O,ENZ,--,46.4,-119.42,100
UW,H2O,HHZ,--,46.4,-119.42,100
UW,H2W,HNZ,--,46.55,-119.65,200
UW,H3A,HNZ,--,46.36,-119.28,200
UW,H4A,HNZ,--,46.44,-119.36,200
UW,HART,HNZ,--,47.58,-122.35,200
UW,HBO,ENZ,--,43.84,-122.32,100
UW,HEBO,BHZ,--,45.21,-123.76,40
UW,HEBO,ENZ,--,45.21,-123.76,100
UW,HGBL,ENZ,--,46.6,-119.46,100
UW,HICC,ENZ,--,47.39,-122.3,100
UW,HOG,ENZ,--,42.24,-121.71,100
UW,HOLY,ENZ,--,47.57,-122.38,100
UW,HOOD,ENZ,--,45.32,-121.65,100
UW,HOOD,HHZ,--,45.32,-121.65,100
UW,HSO,ENZ,--,43.53,-123.09,100
UW,HUBA,ENZ,--,45.63,-122.65,100
UW,HURR,HNZ,--,47.97,-123.5,200
UW,HWIW,ENZ,--,46.43,-119.29,100
UW,IONE,ENZ,--,45.5,-119.83,100
UW,IRON,ENZ,--,43.36,-118.47,100
UW,IRON,HHZ,--,43.36,-118.47,100
UW,IZEE,ENZ,--,44.08,-119.5,100
UW,IZEE,HHZ,--,44.08,-119.5,100
UW,JCW,ENZ,--,48.2,-121.93,100
UW,JEDS,ENZ,--,43.75,-124.05,100
UW,JEDS,HHZ,--,43.75,-124.05,100
UW,JORV,ENZ,--,42.98,-117.05,100
UW,KCAM,HNZ,--,47.54,-122.32,200
UW,KDK,HNZ,--,47.6,-122.33,200
UW,KEEL,ENZ,--,45.55,-122.9,100
UW,KENT,ENZ,--,45.24,-120.64,100
UW,KENT,HHZ,--,45.24,-120.64,100
UW,KFAL,HNZ,--,42.26,-121.79,200
UW,KIMB,ENZ,--,47.57,-122.3,100
UW,KINR,ENZ,--,47.75,-122.64,100
UW,KITP,ENZ,--,47.68,-122.63,100
UW,KNEL,ENZ,--,47.38,-122.25,100
UW,KREP,BHZ,--,45.89,-121.46,40
UW,KREP,HHZ,--,45.89,-121.46,100
UW,KREP,HNZ,--,45.89,-121.46,100
UW,LANE,ENZ,--,44.05,-123.23,100
UW,LAWT,ENZ,--,47.66,-122.39,100
UW,LCCR,ENZ,--,45.21,-122.48,100
UW,LCCR,HHZ,--,45.21,-122.48,100
UW,LEBA,ENZ,--,46.55,-123.56,100
UW,LEBA,HHZ,--,46.55,-123.56,100
UW,LEOT,ENZ,--,47.77,-122.12,100
UW,LEVE,HNZ,--,45.59,-122.64,200
UW,LKVW,ENZ,--,42.23,-120.36,100
UW,LNO,ENZ,--,45.87,-118.29,100
UW,LNO,HHZ,--,45.87,-118.29,100
UW,LON,BHZ,--,46.75,-121.81,40
UW,LON,ENZ,--,46.75,-121.81,100
UW,LRIV,BHZ,--,48.06,-123.5,40
UW,LRIV,ENZ,--,48.06,-123.5,100
UW,LTY,BHZ,--,47.25,-120.67,40
UW,LTY,ENZ,--,47.25,-120.67,100
UW,LUMI,ENZ,--,48.72,-122.71,100
UW,LUMI,HHZ,--,48.72,-122.71,100
UW,LWCK,HNZ,--,46.28,-124.05,200
UW,LYNC,ENZ,--,47.83,-122.29,100
UW,MAC,HNZ,--,47.25,-122.53,200
UW,MANO,ENZ,--,46.95,-120.72,100
UW,MANO,HHZ,--,46.95,-120.72,100
UW,MARY,ENZ,--,47.66,-122.12,100
UW,MAUP,HNZ,--,45.18,-121.08,200
UW,MBKE,ENZ,--,48.92,-122.14,100
UW,MBPA,ENZ,--,47.9,-121.89,100
UW,MDW,ENZ,--,46.61,-119.76,100
UW,MDW,HHZ,--,46.61,-119.76,100
UW,MEGW,ENZ,--,46.27,-123.88,100
UW,MJ2,ENZ,--,46.56,-119.36,100
UW,MKAH,HNZ,--,48.37,-124.59,200
UW,MNWA,HNZ,--,47.57,-122.53,200
UW,MONO,HNZ,--,44.85,-123.24,200
UW,MORO,ENZ,--,45.47,-120.74,100
UW,MOX,ENZ,--,46.58,-120.3,100
UW,MOX,HHZ,--,46.58,-120.3,100
UW,MPL,ENZ,--,47.69,-122.25,100
UW,MPO,ENZ,--,44.5,-123.55,100
UW,MRBL,ENZ,--,48.52,-121.48,100
UW,MRBL,HHZ,--,48.52,-121.48,100
UW,MRIN,ENZ,--,44.8,-122.7,100
UW,MRN,HNZ,--,47.59,-122.23,200
UW,NEWO,HNZ,--,44.62,-124.05,200
UW,NIHS,ENZ,--,47.74,-122.22,100
UW,NOB,HNZ,--,47.64,-122.35,200
UW,NOWS,ENZ,--,47.69,-122.25,100
UW,NWPT,HNZ,--,47.55,-122.17,200
UW,OCEN,HNZ,--,46.95,-124.16,200
UW,OCP,ENZ,--,48.3,-124.63,100
UW,OHC,ENZ,--,47.33,-123.16,100
UW,OMAK,BHZ,--,48.36,-119.33,40
UW,ONAB,HNZ,--,44.51,-124.07,200
UW,OOW2,HNZ,--,47.75,-124.18,200
UW,OSD,ENZ,--,47.82,-123.71,100
UW,OT3,ENZ,--,46.67,-119.23,100
UW,OT3,HHZ,--,46.67,-119.23,100
UW,PABH,HNZ,--,47.21,-124.2,200
UW,PASS,ENZ,--,49,-122.09,100
UW,PASS,HHZ,--,49,-122.09,100
UW,PAYL,HNZ,--,47.19,-122.31,200
UW,PCEP,ENZ,--,47.11,-122.29,100
UW,PCFR,ENZ,--,46.99,-122.44,100
UW,PERL,ENZ,--,45.33,-122.78,100
UW,PGO,ENZ,--,45.46,-122.45,100
UW,PHIN,ENZ,--,45.9,-119.93,100
UW,PHIN,HHZ,--,45.9,-119.93,100
UW,PIE,HNZ,--,47.63,-122.38,200
UW,PIER,HNZ,--,47.58,-122.34,200
UW,PRO,ENZ,--,46.21,-119.69,100
UW,PRO,HHZ,--,46.21,-119.69,100
UW,PSNS,ENZ,--,47.56,-122.64,100
UW,RADR,BHZ,--,46.42,-123.8,40
UW,RADR,ENZ,--,46.42,-123.8,100
UW,RATT,BHZ,--,47.43,-121.8,40
UW,RATT,ENZ,--,47.43,-121.8,100
UW,RAW,ENZ,--,47.34,-121.93,100
UW,RBOK,HNZ,--,45.54,-122.57,200
UW,RCM,HHZ,--,46.84,-121.73,100
UW,REED,HNZ,--,43.7,-124.11,200
UW,RNAV,HNZ,--,47.58,-122.29,200
UW,ROBC,HNZ,--,45.31,-123.82,200
UW,ROSS,ENZ,--,45.66,-122.66,100
UW,RRHS,ENZ,--,46.8,-123.04,100
UW,RSLG,HNZ,--,45.02,-123.86,200
UW,RVW2,ENZ,--,46.15,-122.74,100
UW,SAIL,HNZ,--,45.54,-122.96,200
UW,SCC,ENZ,--,47.75,-122.36,100
UW,SEA,ENZ,--,47.65,-122.31,100
UW,SEAS,HNZ,--,46,-123.92,200
UW,SHUK,BHZ,--,48.85,-121.68,50
UW,SNI2,ENZ,--,46.46,-119.66,100
UW,SNI2,HHZ,--,46.46,-119.66,100
UW,SOUA,ENZ,--,42.18,-122.7,100
UW,SP2,BHZ,--,47.56,-122.25,40
UW,SP2,ENZ,--,47.56,-122.25,100
UW,SQM,ENZ,--,48.07,-123.05,100
UW,STOR,ENZ,--,47.19,-121.99,100
UW,STOR,HHZ,--,47.19,-121.99,100
UW,STW,ENZ,--,48.15,-123.67,100
UW,SVOH,ENZ,--,48.29,-122.63,100
UW,SWID,ENZ,--,48.01,-122.41,100
UW,TAHO,HNZ,--,47.34,-124.29,200
UW,TAKO,ENZ,--,43.74,-124.08,100
UW,TBPA,ENZ,--,47.26,-122.37,100
UW,TILL,HNZ,--,45.46,-123.83,200
UW,TKCO,ENZ,--,47.54,-122.3,100
UW,TLW1,ENZ,--,47.69,-121.69,100
UW,TOLO,ENZ,--,44.62,-123.92,100
UW,TOLT,BHZ,--,47.69,-121.69,40
UW,TOLT,ENZ,--,47.69,-121.69,100
UW,TREE,ENZ,--,42.73,-120.89,100
UW,TREE,HHZ,--,42.73,-120.89,100
UW,TUCA,ENZ,--,46.51,-118.15,100
UW,TUCA,HHZ,--,46.51,-118.15,100
UW,UGAP3,HNZ,--,46.53,-120.47,200
UW,UMAT,ENZ,--,45.29,-118.96,100
UW,UMAT,HHZ,--,45.29,-118.96,100
UW,UMPQ,ENZ,--,43.29,-123.33,100
UW,UPL,HNZ,--,47.21,-122.55,200
UW,UPS,HNZ,--,47.26,-122.48,200
UW,UWFH,ENZ,--,48.55,-123.01,100
UW,VCR,ENZ,--,44.98,-120.99,100
UW,VVHS,ENZ,--,47.42,-122.46,100
UW,WA2,ENZ,--,46.76,-119.57,100
UW,WA2,HHZ,--,46.76,-119.57,100
UW,WEDR,HNZ,--,42.44,-124.41,200
UW,WEL2,ENZ,--,47.95,-119.86,100
UW,WISC,ENZ,--,47.61,-122.18,100
UW,WISH,BHZ,--,47.12,-123.77,40
UW,WISH,ENZ,--,47.12,-123.77,100
UW,WOLL,ENZ,--,47.06,-118.92,100
UW,WOLL,HHZ,--,47.06,-118.92,100
UW,WPO,ENZ,--,45.57,-122.79,100
UW,WWHS,ENZ,--,46.05,-118.32,100
UW,YACH,HNZ,--,44.32,-124.1,200
UW,YACT,ENZ,--,45.93,-122.42,100
UW,YACT,HHZ,--,45.93,-122.42,100
UW,YPT,ENZ,--,46.05,-118.96,100
UW,YPT,HHZ,--,46.05,-118.96,100
