sta,chan,net,loction,lat,lon,rate
BZN,HHZ,AZ,--,33.49,-116.67,100
CPE,HHZ,AZ,--,32.89,-117.11,100
CRY,HHZ,AZ,--,33.57,-116.74,100
FRD,HHZ,AZ,--,33.49,-116.6,100
KNW,HHZ,AZ,--,33.71,-116.71,100
LVA2,HHZ,AZ,--,33.35,-116.56,100
MONP2,HHZ,AZ,--,32.89,-116.42,100
MTRP,HNZ,AZ,--,32.82,-117.06,100
PFO,HHZ,AZ,--,33.61,-116.46,100
RDM,HHZ,AZ,--,33.63,-116.85,100
SCI2,HNZ,AZ,--,32.92,-118.49,200
SMER,HHZ,AZ,--,33.46,-117.17,100
SND,HHZ,AZ,--,33.55,-116.61,100
TRO,HHZ,AZ,--,33.52,-116.43,100
CBX,HHZ,BC,--,32.31,-116.66,100
CCX,HHZ,BC,--,31.87,-116.66,100
CPX,HHZ,BC,--,32.42,-115.31,100
GUVIX,HHZ,BC,--,32.3,-115.08,100
PIX,HHZ,BC,--,31.56,-113.46,100
RMX,HHZ,BC,--,32.55,-116.03,100
SFX,HHZ,BC,--,31.04,-114.85,100
SJX,HHZ,BC,--,32,-115.95,100
TJX,HHZ,BC,--,32.51,-117.05,100
TKX,HHZ,BC,--,32.57,-116.61,100
UABX,HHZ,BC,--,32.63,-115.44,100
BDM,BHZ,BK,0,37.95,-121.87,40
BKS,BHZ,BK,0,37.88,-122.24,40
BL67,BHZ,BK,0,37.87,-122.24,40
BL88,HNZ,BK,0,37.88,-122.25,100
BRK,BHZ,BK,0,37.87,-122.26,40
CMB,BHZ,BK,0,38.03,-120.39,40
CMSB,HNZ,BK,0,37.87,-122.25,100
CVS,BHZ,BK,0,38.35,-122.46,40
DANT,BHZ,BK,0,40.29,-121.8,40
DCMP,BHZ,BK,0,39.47,-123.34,40
FARB,BHZ,BK,0,37.7,-123,40
GASB,BHZ,BK,0,39.65,-122.72,40
HAST,BHZ,BK,0,36.39,-121.55,40
HATC,BHZ,BK,0,40.82,-121.46,40
HELL,BHZ,BK,0,36.68,-119.02,40
HOPS,BHZ,BK,0,38.99,-123.07,40
HULI,BHZ,BK,0,36.02,-121.24,40
HUMO,BHZ,BK,0,42.61,-122.96,40
JCC,BHZ,BK,0,40.82,-124.03,40
JRSC,BHZ,BK,0,37.4,-122.24,40
KCC,BHZ,BK,0,37.32,-119.32,40
MCCM,BHZ,BK,0,38.14,-122.88,40
MHC,BHZ,BK,0,37.34,-121.64,40
MNRC,BHZ,BK,0,38.88,-122.44,40
MOD,BHZ,BK,0,41.9,-120.3,40
MTOS,BHZ,BK,0,37.5,-121.33,40
ORV,BHZ,BK,0,39.55,-121.5,40
PACP,BHZ,BK,0,37.01,-121.29,40
PETY,BHZ,BK,0,40.18,-122.79,40
PKD,BHZ,BK,0,35.95,-120.54,40
RAMR,BHZ,BK,0,35.64,-120.87,40
RFSB,HNZ,BK,0,37.92,-122.34,100
SAO,BHZ,BK,0,36.76,-121.45,40
SCCB,HNZ,BK,0,37.29,-121.86,100
SCOT,BHZ,BK,0,41.39,-122.85,40
SCZ,BHZ,BK,0,36.6,-121.4,40
SHEP,BHZ,BK,0,41.78,-121.84,40
SUTB,BHZ,BK,0,39.23,-121.79,40
TCAS,HNZ,BK,0,35.61,-120.56,200
TCHL,BHZ,BK,0,35.69,-120.4,40
THIS,BHZ,BK,0,35.72,-120.23,40
TRAM,BHZ,BK,0,35.68,-120.27,40
TRAY,HNZ,BK,0,35.55,-120.13,200
TRIN,BHZ,BK,0,40.97,-122.71,40
TSCN,BHZ,BK,0,35.54,-120.35,40
TSCS,HNZ,BK,0,35.44,-120.35,200
VAK,BHZ,BK,0,37.88,-122.25,40
WDC,BHZ,BK,0,40.58,-122.54,40
WENL,BHZ,BK,0,37.62,-121.76,40
YBH,BHZ,BK,50,41.73,-122.71,40
ASBU,BHZ,CC,--,43.82,-121.37,50
CIHL,BHZ,CC,--,43.75,-121.15,50
CLBH,BHZ,CC,--,42.91,-122.14,50
CPCO,BHZ,CC,--,43.72,-121.23,50
JRO,BHZ,CC,--,46.28,-122.22,50
NORM,BHZ,CC,--,43.74,-121.25,50
OBSR,BHZ,CC,--,46.9,-121.82,50
PR01,BHZ,CC,--,46.91,-122.04,50
PR02,BHZ,CC,--,46.92,-122.05,50
PR03,BHZ,CC,--,46.9,-122.03,50
PR04,BHZ,CC,--,46.93,-121.99,50
PR05,BHZ,CC,--,46.84,-121.95,50
PRLK,BHZ,CC,--,44.21,-121.96,50
SHRK,BHZ,CC,--,45.46,-121.53,50
STD,BHZ,CC,--,46.24,-122.22,50
SWF2,BHZ,CC,--,46.18,-122.22,50
SWNB,BHZ,CC,--,43.67,-121.36,50
TCBU,BHZ,CC,--,44.24,-121.66,50
TMBU,BHZ,CC,--,43.6,-121.14,50
VALT,BHZ,CC,--,46.21,-122.19,50
WIFE,BHZ,CC,--,44.06,-121.82,50
2143,HNZ,CE,10,32.84,-116.97,100
3121,HNZ,CE,10,32.75,-117.24,100
3145,HNZ,CE,10,32.71,-117.16,100
3148,HNZ,CE,10,32.74,-117.08,100
3156,HNZ,CE,10,32.92,-117.14,100
3260,HNZ,CE,10,32.95,-117.04,100
3468,HNZ,CE,10,32.58,-117.08,100
3471,HNZ,CE,10,32.67,-117.08,100
3521,HNZ,CE,10,32.88,-117.22,100
13577,HNZ,CE,10,33.93,-117.8,100
13921,HNZ,CE,10,33.98,-117.49,100
14405,HNZ,CE,--,33.79,-118.36,200
14831,HNZ,CE,10,33.79,-118.32,100
14834,HNZ,CE,10,33.92,-118.33,100
23077,HNZ,CE,10,34.06,-117.7,100
23163,HNZ,CE,10,34.12,-117.54,100
23173,HNZ,CE,10,34,-117.81,100
23178,HNZ,CE,10,34.13,-117.91,100
23732,HNZ,CE,--,34.22,-117.33,200
23938,HNZ,CE,10,34.02,-117.87,100
23939,HNZ,CE,10,34.12,-117.74,100
24014,HNZ,CE,10,34.04,-118.52,100
24020,HNZ,CE,10,34.08,-118.22,100
24040,HNZ,CE,10,34.03,-118.21,100
24103,HNZ,CE,10,34.16,-118.53,100
24400,HNZ,CE,1,34.04,-118.18,200
24833,HNZ,CE,10,34.06,-118.32,100
24851,HNZ,CE,--,34.07,-118.35,200
24853,HNZ,CE,--,34.08,-118.29,200
24944,HNZ,CE,10,34.23,-118.25,100
24945,HNZ,CE,10,34.16,-118.26,100
35078,HNZ,CE,10,35.37,-119.92,100
35110,HNZ,CE,10,35.26,-119.82,100
35342,HNZ,CE,10,35.26,-119.82,100
36014,HNZ,CE,10,35.3,-120.02,100
ADO,HHZ,CI,--,34.55,-117.43,100
AGM,HNZ,CI,--,32.84,-114.78,100
AGO,HNZ,CI,--,34.15,-118.77,100
ALP,HHZ,CI,--,34.69,-118.3,100
APL,HNZ,CI,--,35.34,-116.87,100
ARV,HHZ,CI,--,35.13,-118.83,100
AVC,HNZ,CI,--,33.33,-118.34,100
AVM,HHZ,CI,--,35.07,-116.62,100
BAC,HNZ,CI,--,33.61,-117.04,100
BAI,HNZ,CI,--,34.78,-118.77,100
BAK,HHZ,CI,--,35.34,-119.1,100
BAR,HHZ,CI,--,32.68,-116.67,100
BBR,HHZ,CI,--,34.26,-116.92,100
BBS,HHZ,CI,--,33.92,-116.98,100
BC3,HHZ,CI,--,33.66,-115.45,100
BCW,HHZ,CI,--,34.94,-119.41,100
BEL,HHZ,CI,--,34,-116,100
BFS,HHZ,CI,--,34.24,-117.66,100
BHP,HHZ,CI,--,33.99,-118.36,100
BLA2,HHZ,CI,--,34.07,-116.39,100
BLC,HHZ,CI,--,34.24,-118.67,100
BLY,HHZ,CI,--,33.75,-114.52,100
BOM,HHZ,CI,--,33.36,-115.73,100
BOR,HHZ,CI,--,33.27,-116.42,100
BRE,HHZ,CI,--,33.81,-117.98,100
BTP,HHZ,CI,--,34.68,-118.57,100
BUE,HNZ,CI,--,34.61,-120.2,100
CAC,HNZ,CI,--,34.14,-118.12,100
CAR,HHZ,CI,--,35.31,-119.85,100
CCA,HHZ,CI,--,35.15,-118.02,100
CCC,HHZ,CI,--,35.52,-117.36,100
CFD,HNZ,CI,--,34.4,-119.52,100
CFS,HNZ,CI,0,34.11,-117.28,100
CFT,HNZ,CI,--,34.04,-117.11,100
CGO,HHZ,CI,--,36.55,-117.8,100
CHF,HHZ,CI,--,34.33,-118.03,100
CHI,HNZ,CI,--,34.18,-119.22,100
CHK,HNZ,CI,--,34.07,-118.97,100
CHN,HHZ,CI,--,34,-117.68,100
CHR,HHZ,CI,--,34.73,-119.39,100
CIA,HHZ,CI,--,33.4,-118.42,100
CJM,HHZ,CI,--,34.27,-117.42,100
CJV2,HHZ,CI,--,34.53,-118.14,100
CKP,HHZ,CI,--,33.56,-114.89,100
CLC,HHZ,CI,--,35.82,-117.6,100
CLI2,HNZ,CI,--,33.12,-115.58,100
CLO,HNZ,CI,--,34.22,-119.01,100
CLT,HHZ,CI,--,34.09,-117.32,100
COA,HHZ,CI,--,32.86,-115.12,100
COK2,HNZ,CI,--,32.85,-115.73,100
CPO,HNZ,CI,--,32.64,-116.49,100
CPT2,HNZ,CI,--,33.34,-117.33,100
CRF,HNZ,CI,--,33.87,-118.04,100
CRG,HHZ,CI,--,35.24,-119.72,100
CRN,HNZ,CI,--,33.88,-117.56,100
CRR,HHZ,CI,--,32.89,-115.97,100
CSH,HHZ,CI,--,33.64,-116.6,100
CSL,HNZ,CI,--,34.5,-118.62,100
CTC,HHZ,CI,--,33.66,-115.99,100
CTW,HHZ,CI,--,33.68,-115.87,100
CVW,HNZ,CI,--,34.92,-118.94,100
CWC,HHZ,CI,--,36.44,-118.08,100
CZN,HNZ,CI,--,33.91,-116.78,100
DAN,HHZ,CI,--,34.64,-115.38,100
DAW,HHZ,CI,--,36.27,-117.59,100
DEC,HHZ,CI,--,34.25,-118.33,100
DEV,HHZ,CI,--,33.94,-116.58,100
DGR,HHZ,CI,--,33.65,-117.01,100
DJJ,HHZ,CI,--,34.11,-118.46,100
DJJB,HNZ,CI,1,34.11,-118.46,100
DLA,HHZ,CI,--,33.85,-118.1,100
DNR,HHZ,CI,--,33.57,-116.63,100
DPP,HHZ,CI,--,33,-116.94,100
DRE,HHZ,CI,--,32.81,-115.45,100
DSC,HHZ,CI,--,35.14,-116.1,100
DTC,HNZ,CI,--,34.42,-118.66,100
DTP,HHZ,CI,--,35.27,-117.85,100
DZA,HHZ,CI,--,32.61,-116.77,100
EDW2,HHZ,CI,--,34.88,-117.99,100
ELS2,HHZ,CI,--,33.65,-117.43,100
EML,HHZ,CI,--,32.89,-116.85,100
EMS,HNZ,CI,--,32.74,-114.99,100
EOC,HNZ,CI,--,34.45,-119.77,100
ERR,HHZ,CI,--,33.12,-115.82,100
ESI,HNZ,CI,--,33.67,-117.33,100
FHO,HHZ,CI,--,34.09,-116.94,100
FIG,HHZ,CI,--,34.73,-119.99,100
FMO,HNZ,CI,--,34.41,-118.92,100
FMP,HHZ,CI,--,33.71,-118.29,100
FON,HNZ,CI,--,34.1,-117.44,100
FOX2,HHZ,CI,--,34.73,-118.24,100
FRM,HNZ,CI,--,34.78,-118.97,100
FUL,HNZ,CI,--,33.87,-117.92,100
FUR,HHZ,CI,--,36.47,-116.86,100
GATR,HHZ,CI,--,34.55,-120.5,100
GCC,HNZ,CI,--,34.33,-118.32,100
GFF,HNZ,CI,--,34.92,-115.07,100
GFS,HNZ,CI,--,34.48,-120.21,100
GLA,HHZ,CI,--,33.05,-114.83,100
GMA,HHZ,CI,--,34.29,-116.38,100
GMR,HHZ,CI,--,34.78,-115.66,100
GOR,HHZ,CI,--,33.15,-117.23,100
GOU,HNZ,CI,--,34.22,-118.19,100
GR2,HHZ,CI,--,34.12,-118.3,100
GRA,HHZ,CI,--,37,-117.37,100
GSA,HNZ,CI,--,34.14,-118.13,100
GSC,HHZ,CI,--,35.3,-116.81,100
GVR,HNZ,CI,--,34.05,-118.12,100
HAR,HHZ,CI,--,35.01,-117.3,100
HAY,HHZ,CI,--,33.71,-115.64,100
HDH,HHZ,CI,--,34.78,-118.64,100
HEC,HHZ,CI,--,34.83,-116.34,100
HLL,HHZ,CI,--,34.18,-118.36,100
HLN,HNZ,CI,--,34.12,-117.22,100
HMT2,HHZ,CI,--,33.71,-117,100
HOL,HHZ,CI,--,34.46,-117.85,100
HYS,HHZ,CI,--,34.87,-117.57,100
IDO,HHZ,CI,--,33.8,-116.22,100
IDQ,HNZ,CI,--,33.77,-116.24,100
IDY,HNZ,CI,--,33.75,-116.72,100
IKP,HHZ,CI,--,32.65,-116.11,100
IMP,HHZ,CI,--,32.9,-115.56,100
IPT,HHZ,CI,--,34.2,-117.29,100
IRM,HHZ,CI,--,34.16,-115.15,100
ISA,HHZ,CI,--,35.66,-118.47,100
IVY,HNZ,CI,--,33.76,-117.48,100
JEM,HHZ,CI,--,33.08,-116.6,100
JNH2,HHZ,CI,--,34.45,-117.96,100
JRC2,HHZ,CI,--,35.98,-117.81,100
JTH,HHZ,CI,--,34.13,-116.04,100
JVA,HHZ,CI,--,34.37,-116.61,100
KIK,HNZ,CI,--,34.15,-118.1,100
KML,HNZ,CI,--,33.6,-117.88,100
KYV,HHZ,CI,--,33.93,-116.17,100
LAF,HHZ,CI,--,33.87,-118.33,100
LAT,HNZ,CI,--,34.04,-118.78,100
LBW1,HNZ,CI,0,33.8,-118.09,100
LBW2,HNZ,CI,1,33.8,-118.09,100
LCG,HHZ,CI,--,34,-118.38,100
LCP,HHZ,CI,--,34.74,-120.28,100
LDF,HHZ,CI,--,35.13,-115.18,100
LDR,HHZ,CI,--,34.99,-118.34,100
LEO,HNZ,CI,--,34.63,-118.31,100
LFP,HHZ,CI,--,34.31,-118.49,100
LGB,HHZ,CI,--,33.98,-118.15,100
LJR,HHZ,CI,--,34.81,-118.87,100
LKH,HHZ,CI,--,33.24,-116.76,100
LLS,HHZ,CI,--,33.68,-117.94,100
LMH,HHZ,CI,--,33.74,-117.39,100
LMR2,HHZ,CI,--,34.93,-117.7,100
LMS,HHZ,CI,--,33.82,-117.45,100
LMY,HHZ,CI,--,34.73,-119.1,100
LOC,HHZ,CI,--,34.69,-120.45,100
LPC,HHZ,CI,--,34.31,-117.55,100
LRL,HHZ,CI,--,35.48,-117.68,100
LRR2,HHZ,CI,--,34.53,-118.03,100
LTP,HHZ,CI,--,33.88,-118.18,100
LUC2,HHZ,CI,--,34.46,-116.96,100
LUG,HHZ,CI,--,34.37,-117.37,100
LUS,HHZ,CI,--,33.01,-117.16,100
LVY,HNZ,CI,--,34.17,-119.16,100
LYP,HHZ,CI,--,32.7,-116.75,100
MAG,HNZ,CI,--,35.36,-118.92,100
MCT,HHZ,CI,--,34.23,-116.04,100
MES,HNZ,CI,--,34.26,-119.1,100
MGE,HHZ,CI,--,33.82,-116.37,100
MIKB,HNZ,CI,--,34.14,-118.13,200
MIS,HNZ,CI,0,33.74,-118.34,100
MLAC,HHZ,CI,--,37.63,-118.84,100
MLS,HHZ,CI,--,34,-117.56,100
MMC,HNZ,CI,--,33.57,-117.76,100
MNO,HNZ,CI,--,33.95,-117.17,100
MOP,HHZ,CI,--,34.28,-118.9,100
MOR,HNZ,CI,--,33.5,-117.14,100
MPI,HHZ,CI,--,34.81,-119.15,100
MPM,HHZ,CI,--,36.06,-117.49,100
MPP,HHZ,CI,--,34.89,-119.81,100
MRS,HNZ,CI,--,35.43,-116.89,100
MSC,HHZ,CI,--,34.04,-116.65,100
MSJ,HHZ,CI,--,33.81,-116.97,100
MTA,HNZ,CI,--,33.43,-117.38,100
MTG,HHZ,CI,--,33.2,-116.65,100
MTP,HHZ,CI,--,35.48,-115.55,100
MUR,HHZ,CI,--,33.6,-117.2,100
MWC,HHZ,CI,--,34.22,-118.06,100
NBS,HHZ,CI,--,34.78,-116.56,100
NCH,HHZ,CI,--,34.94,-119.67,100
NEE2,HHZ,CI,--,34.77,-114.62,100
NEN,HNZ,CI,--,34.78,-118.5,100
NJQ,HHZ,CI,--,34.53,-120.18,100
NOT,HNZ,CI,--,34.23,-118.56,100
NPN,HNZ,CI,--,35.47,-115.27,100
NSS2,HHZ,CI,--,33.56,-115.95,100
NWH,HNZ,CI,--,33.73,-117.75,100
OAT,HHZ,CI,--,34.34,-118.61,100
OCP,HNZ,CI,--,32.75,-116.02,100
OGC,HNZ,CI,--,33.79,-117.84,100
OLI,HHZ,CI,--,33.95,-117.92,100
OLP,HHZ,CI,--,32.61,-116.93,100
OSI,HHZ,CI,--,34.61,-118.72,100
PALA,HHZ,CI,--,33.39,-117.03,100
PASC,HHZ,CI,10,34.17,-118.19,100
PDE,HHZ,CI,--,34.44,-118.58,100
PDM,HHZ,CI,--,34.3,-114.14,100
PDR,HHZ,CI,--,33.96,-118.44,100
PDU,HHZ,CI,--,34.12,-117.64,100
PDW,HNZ,CI,--,33.92,-117.62,100
PER,HHZ,CI,--,33.86,-117.21,100
PGA,HNZ,CI,--,33.49,-117.06,100
PHL,HHZ,CI,--,35.41,-120.55,100
PLM,HHZ,CI,--,33.35,-116.86,100
PLS,HHZ,CI,--,33.8,-117.61,100
PMD,HHZ,CI,--,33.65,-116.38,100
POB2,HHZ,CI,--,33.69,-116.92,100
PSD,HHZ,CI,--,33.82,-116.55,100
PSR,HHZ,CI,--,34.09,-117.81,100
PTD,HNZ,CI,--,34,-118.81,100
PUT,HNZ,CI,--,34.69,-117.97,100
QAD,HNZ,CI,--,34.42,-119.61,100
QLC,HHZ,CI,--,35.04,-119.97,100
QUG,HNZ,CI,--,34.4,-118.5,100
RAG,HHZ,CI,--,34.68,-116.15,100
RCT,HNZ,CI,--,36.31,-119.24,100
RCU,HNZ,CI,--,34.08,-117.52,100
RFR,HHZ,CI,--,35.11,-120.1,100
RHC2,HHZ,CI,--,34,-118.01,100
RHR,HHZ,CI,--,33.29,-117.18,100
RIN,HHZ,CI,--,34.28,-118.48,100
RINB,HNZ,CI,1,34.28,-118.48,100
RIO,HHZ,CI,--,34.1,-117.98,100
RKMO,HHZ,CI,--,33.67,-117.61,100
RMM,HNZ,CI,--,34.64,-116.62,100
RPV,HHZ,CI,--,33.74,-118.4,100
RRX,HHZ,CI,--,34.88,-117,100
RSB,HNZ,CI,1,33.97,-117.33,100
RSI,HHZ,CI,--,34.85,-120.21,100
RSS,HHZ,CI,--,33.97,-117.33,100
RUN,HHZ,CI,--,32.97,-114.98,100
RUS,HHZ,CI,--,34.05,-118.08,100
RVR,HHZ,CI,--,33.99,-117.38,100
RXH,HHZ,CI,--,33.18,-115.62,100
SAL,HHZ,CI,--,33.28,-115.99,100
SAN,HNZ,CI,--,33.7,-117.89,100
SBB2,HHZ,CI,--,34.69,-117.82,100
SBC,HHZ,CI,--,34.44,-119.71,100
SBI,HHZ,CI,--,33.48,-119.03,100
SBPX,HHZ,CI,--,34.23,-117.23,100
SCI2,HHZ,CI,--,32.98,-118.55,100
SCZ2,HHZ,CI,--,34,-119.64,100
SDD,HHZ,CI,--,33.55,-117.66,100
SDG,HHZ,CI,--,32.78,-117.14,100
SDR,HHZ,CI,--,32.74,-116.94,100
SES,HHZ,CI,--,34.44,-119.14,100
SGL,HHZ,CI,--,32.65,-115.73,100
SHO,HHZ,CI,--,35.9,-116.28,100
SHU,HNZ,CI,--,34.64,-118.16,100
SIL,HNZ,CI,--,34.35,-116.83,100
SLA,HHZ,CI,--,35.89,-117.28,100
SLB,HHZ,CI,--,33.49,-115.87,100
SLH,HHZ,CI,--,33.19,-116.25,100
SLM,HNZ,CI,--,34.45,-118.42,100
SLR,HHZ,CI,--,33.83,-116.8,100
SMF2,HHZ,CI,--,34.02,-118.45,100
SMI,HHZ,CI,--,34.04,-120.35,100
SMM,HHZ,CI,--,35.31,-120,100
SMR,HHZ,CI,--,35.38,-120.61,100
SMT,HNZ,CI,--,34.33,-119.01,100
SMV,HNZ,CI,--,34.27,-118.74,100
SMW,HHZ,CI,--,35.01,-120.41,100
SNCC,HHZ,CI,--,33.25,-119.52,100
SNO,HHZ,CI,--,34.04,-116.81,100
SNR,HHZ,CI,--,32.86,-115.44,100
SOC,HHZ,CI,--,33.39,-117.58,100
SPF,HHZ,CI,--,34.06,-118.65,100
SPG2,HHZ,CI,--,36.2,-118.77,100
SQC,HNZ,CI,--,34.87,-120.29,100
SRA,HHZ,CI,--,34.61,-115.95,100
SRI,HHZ,CI,--,33.98,-120.08,100
SRN,HHZ,CI,--,33.83,-117.79,100
SRT,HHZ,CI,--,35.69,-117.75,100
SSS,HNZ,CI,--,34.03,-117.46,100
STC,HHZ,CI,--,34.3,-119.19,100
STG,HHZ,CI,--,33.66,-117.77,100
STS,HHZ,CI,--,33.79,-118.2,100
SVD,HHZ,CI,--,34.11,-117.1,100
SWP,HHZ,CI,--,32.79,-116.1,100
SWS,HHZ,CI,--,32.95,-115.8,100
SYN,HHZ,CI,--,34.61,-120.07,100
SYP,HHZ,CI,--,34.53,-119.98,100
TA2,HHZ,CI,--,34.38,-117.68,100
TEH,HHZ,CI,--,35.29,-118.42,100
TEJ,HNZ,CI,--,35.23,-118.69,100
TFT,HHZ,CI,--,35.15,-119.42,100
THC,HNZ,CI,--,34.91,-118.66,100
THM,HHZ,CI,--,33.65,-116.08,100
TIN,HHZ,CI,--,37.05,-118.23,100
TJR,HNZ,CI,--,35.03,-118.74,100
TOR,HHZ,CI,--,33.58,-116.23,100
TOW2,HHZ,CI,--,35.81,-117.76,100
TPO,HHZ,CI,--,34.88,-118.23,100
TUQ,HHZ,CI,--,35.44,-115.92,100
USB,HNZ,CI,0,34.41,-119.84,100
USC,HHZ,CI,--,34.02,-118.29,100
VCP,HNZ,CI,--,33.24,-117.02,100
VCS,HHZ,CI,--,34.48,-118.12,100
VES,HHZ,CI,--,35.84,-119.08,100
VLY,HNZ,CI,--,33.74,-117.16,100
VOG,HHZ,CI,--,36.32,-119.38,100
VTV,HHZ,CI,--,34.56,-117.33,100
WAS2,HHZ,CI,--,35.74,-118.56,100
WBM,HHZ,CI,--,35.61,-117.89,100
WBS,HHZ,CI,--,35.54,-118.14,100
WCS2,HHZ,CI,--,36.03,-117.77,100
WES,HHZ,CI,--,32.76,-115.73,100
WGR,HHZ,CI,--,34.51,-119.27,100
WHF,HHZ,CI,--,35.7,-118.35,100
WLH2,HHZ,CI,--,36.15,-118.31,100
WLS2,HNZ,CI,--,34.58,-117.72,100
WLT,HHZ,CI,--,34.01,-117.95,100
WMD,HHZ,CI,--,33.04,-115.58,100
WMF,HHZ,CI,--,36.12,-117.85,100
WNM,HNZ,CI,--,35.84,-117.91,100
WNS,HNZ,CI,0,34.12,-118.38,100
WOR,HHZ,CI,--,35.7,-118.24,100
WRC2,HHZ,CI,--,35.95,-117.65,100
WRV2,HNZ,CI,--,36.01,-117.89,100
WSS,HHZ,CI,--,34.17,-118.65,100
WTT2,HHZ,CI,--,33.95,-118.26,100
WVP2,HNZ,CI,--,35.95,-117.82,100
WWC,HHZ,CI,--,33.94,-116.41,100
YEG2,HHZ,CI,--,35.44,-119.96,100
YUC,HNZ,CI,--,34.2,-116.41,100
YUH2,HHZ,CI,--,32.65,-115.92,100
BFSB,HHZ,CN,--,48.83,-125.14,100
CBB,HHZ,CN,--,50.03,-125.37,100
CLRS,HHZ,CN,--,48.82,-124.13,100
EDB,BHZ,CN,--,49.87,-127.12,40
GDR,HHZ,CN,--,49.78,-126.06,100
GOBB,HHZ,CN,--,48.95,-123.51,100
HNBB,HHZ,CN,--,49.29,-122.57,100
HOLB,HHZ,CN,--,50.64,-128.13,100
HOPB,HHZ,CN,--,49.39,-121.42,100
LLLB,HHZ,CN,--,50.61,-121.88,100
NLLB,HHZ,CN,--,49.23,-123.99,100
OZB,BHZ,CN,--,48.96,-125.5,40
PACB,HHZ,CN,--,50.44,-127.49,100
PGC,HHZ,CN,--,48.65,-123.45,100
PHC,HHZ,CN,--,50.71,-127.43,100
PNT,HHZ,CN,--,49.32,-119.63,100
PTRF,HHZ,CN,--,48.54,-124.41,100
SHB,BHZ,CN,--,49.6,-123.88,40
SNB,HHZ,CN,--,48.78,-123.17,100
SPLB,HHZ,CN,--,49.89,-125.65,100
SYMB,HHZ,CN,--,48.56,-123.8,100
TOFB,HHZ,CN,--,49.15,-125.91,100
VGZ,HHZ,CN,--,48.41,-123.33,100
WOSB,HHZ,CN,--,50.16,-126.57,100
WSLR,HHZ,CN,--,50.13,-122.92,100
COR,BHZ,IU,0,44.59,-123.3,20
AFD,HHZ,NC,--,38.95,-120.97,100
BBGB,HHZ,NC,--,36.58,-121.04,100
BJOB,HNZ,NC,--,36.61,-121.31,100
BPRB,HNZ,NC,1,36.41,-121.73,100
BSG,HNZ,NC,1,36.41,-121.26,100
BSR,HNZ,NC,--,36.67,-121.52,100
CADB,HNZ,NC,--,37.16,-121.63,100
CAG,HNZ,NC,--,37.86,-122.42,100
CAL,HNZ,NC,--,37.45,-121.8,100
CAO,HNZ,NC,1,37.35,-121.53,100
CBP,HNZ,NC,--,37.75,-121.71,100
CBR,HNZ,NC,--,37.82,-122.06,100
CBSB,HNZ,NC,1,37.82,-121.64,100
CCOB,HNZ,NC,--,37.26,-121.67,100
CDOB,HNZ,NC,--,37.73,-121.83,100
CHR,HNZ,NC,--,37.37,-121.77,100
CLCB,HNZ,NC,--,37.74,-122.06,100
CMC,HNZ,NC,2,37.78,-122.18,100
CML,HNZ,NC,1,37.48,-121.65,100
CMLP,HNZ,NC,--,37.45,-121.83,100
CMM,HNZ,NC,--,37.46,-121.49,100
CMOB,HNZ,NC,--,37.81,-121.8,100
CMW,HHZ,NC,--,37.54,-121.89,200
CNI,HNZ,NC,--,37.61,-121.96,100
CPI,HNZ,NC,--,37.99,-122.22,100
CPM,HNZ,NC,--,37.95,-122.41,100
CRH,HNZ,NC,--,37.86,-121.99,100
CRPB,HNZ,NC,--,37.91,-121.91,100
CSL,HNZ,NC,--,37.72,-122.12,100
CSPB,HNZ,NC,--,37.96,-122.31,100
CTA,HNZ,NC,--,38.03,-122.02,100
CVL,HNZ,NC,--,37.62,-121.84,100
CYB,HNZ,NC,--,37.81,-122.36,100
CYD,HNZ,NC,--,37.56,-122.1,200
GAXB,HNZ,NC,--,38.71,-122.76,100
GCVB,HNZ,NC,--,38.77,-123.01,100
GDXB,HHZ,NC,--,38.81,-122.8,100
GMR,HNZ,NC,1,39.13,-123.47,100
GRT,HNZ,NC,1,38.94,-122.67,100
GWR,HNZ,NC,1,39.21,-123.3,100
HCBB,HNZ,NC,1,36.93,-121.66,100
HCRB,HNZ,NC,1,36.96,-121.58,100
HLP,HNZ,NC,--,37.04,-121.63,100
HMOB,HNZ,NC,--,36.6,-121.92,100
HTU,HNZ,NC,--,36.83,-121.64,100
JAR,HNZ,NC,--,36.99,-122.06,100
JBG,HNZ,NC,--,37.34,-122.34,100
JBMB,HNZ,NC,--,37.32,-122.15,100
JBNB,HNZ,NC,--,37.12,-122.16,100
JBR,HNZ,NC,--,37.17,-122.01,100
JCH,HNZ,NC,--,37.52,-122.38,100
JECB,HNZ,NC,--,37.05,-121.81,100
JELB,HNZ,NC,--,36.93,-121.83,100
JFP,HNZ,NC,--,37.36,-122.19,100
JGR,HNZ,NC,--,37.52,-122.46,100
JHU,HNZ,NC,--,37.21,-122.17,100
JJO,HNZ,NC,--,37.21,-121.98,100
JLAB,HNZ,NC,--,37.15,-121.73,100
JMGB,HNZ,NC,--,37.64,-122.47,100
JPC,HNZ,NC,--,37.27,-122.21,100
JPR,HNZ,NC,--,37.8,-122.48,100
JPSB,HNZ,NC,--,37.2,-122.35,100
JSA,HNZ,NC,--,37.58,-122.42,100
JSB,HNZ,NC,--,37.67,-122.4,100
JSCB,HNZ,NC,--,37.28,-122.12,100
JSFB,HNZ,NC,--,37.4,-122.18,100
JSGB,HNZ,NC,--,37.28,-122.05,100
JSJ,HNZ,NC,--,37.33,-122.09,100
JSP,HNZ,NC,--,37.59,-122.5,100
KBO,HHZ,NC,--,42.21,-124.23,100
KCO,HNZ,NC,--,40.26,-124.27,100
KCPB,HHZ,NC,--,39.69,-123.58,100
KCT,HHZ,NC,--,40.48,-124.34,100
KEB,HHZ,NC,--,42.87,-124.33,100
KHBB,HHZ,NC,--,40.66,-123.22,100
KHMB,HHZ,NC,--,40.87,-123.73,100
KMPB,HHZ,NC,--,40.42,-124.12,100
KMR,HHZ,NC,--,40.2,-123.71,100
KOM,HNZ,NC,2,41.28,-123.45,100
KRMB,HHZ,NC,--,41.52,-123.91,100
KRP,HHZ,NC,--,41.16,-124.02,100
KSXB,HHZ,NC,--,41.83,-123.88,100
LDH,HHZ,NC,--,40.51,-121.58,100
LMC,HHZ,NC,--,41.27,-122.12,100
MCB,HHZ,NC,--,37.64,-118.9,100
MCO,HNZ,NC,--,37.62,-118.86,100
MCY,HNZ,NC,--,37.64,-119.03,100
MDH,HNZ,NC,--,37.68,-118.91,100
MDPB,HHZ,NC,--,37.63,-119.08,100
MDY,HHZ,NC,--,37.66,-119.01,100
MINS,HHZ,NC,--,37.65,-119.06,100
MLI,HHZ,NC,--,37.64,-119.02,100
MMLB,HHZ,NC,--,37.66,-118.98,100
MQ1P,HNZ,NC,--,37.61,-119.02,100
NAPC,HNZ,NC,--,38.44,-122.25,100
NBO,HNZ,NC,--,37.92,-122.72,100
NBRB,HNZ,NC,--,38.26,-122.55,100
NCC,HNZ,NC,--,38,-122.47,100
NCT,HNZ,NC,--,38,-122.62,100
NEA,HNZ,NC,--,38.31,-122.94,100
NFV,HNZ,NC,--,38.47,-122.9,100
NGVB,HNZ,NC,--,38.28,-122.22,100
NHC,HNZ,NC,--,38.22,-122.36,100
NHF,HNZ,NC,--,38.05,-122.52,100
NHM,HNZ,NC,--,38.15,-121.8,100
NHS,HNZ,NC,--,38.66,-122.61,100
NHV,HNZ,NC,--,38.16,-122.71,100
NLH,HNZ,NC,--,38.12,-122.15,100
NMI,HNZ,NC,--,38.08,-122.26,100
NOLB,HNZ,NC,--,38.04,-122.8,100
NPRB,HNZ,NC,--,38,-123.02,100
NSM,HNZ,NC,--,38.35,-122.58,100
NSP,HNZ,NC,--,38.2,-122.46,100
NTAC,HNZ,NC,--,37.92,-122.6,100
NTO,HNZ,NC,--,38.14,-122.45,100
NTR,HNZ,NC,--,38.24,-122.8,100
NTYB,HNZ,NC,--,38.39,-122.66,100
PAGB,HHZ,NC,--,35.73,-120.25,100
PCC,HNZ,NC,--,36.09,-121.16,100
PHOB,HNZ,NC,--,35.87,-120.48,100
PHSB,HNZ,NC,--,35.82,-121.05,100
PMPB,HHZ,NC,--,36.22,-120.8,100
PSAB,HNZ,NC,1,36.02,-120.89,100
PSM,HNZ,NC,--,36.07,-120.6,100
PVAA,HNZ,NC,1,34.59,-120.63,200
PVAB,HNZ,NC,1,34.64,-120.59,200
PVAC,HNZ,NC,1,34.72,-120.53,200
PVAD,HNZ,NC,1,34.75,-120.61,200
1041,HNZ,NP,10,35,-119.49,100
1745,HNZ,NP,0,37.46,-122.17,200
1767,HNZ,NP,--,38.44,-122.7,200
1793,HNZ,NP,--,37.35,-121.81,100
1798,HNZ,NP,--,37.38,-121.84,100
1799,HNZ,NP,--,37.27,-121.99,100
1865,HNZ,NP,--,36.88,-121.39,200
2172,HNZ,NP,--,45.51,-122.68,200
2194,HNZ,NP,--,47.21,-123.1,200
286,HNZ,NP,0,32.95,-115.82,200
5030,HNZ,NP,--,34.52,-117.99,100
5036,HNZ,NP,10,34.19,-117.43,100
5053,HNZ,NP,10,32.67,-115.49,100
5054,HNZ,NP,10,32.69,-115.34,100
5056,HNZ,NP,10,32.96,-115.32,100
5058,HNZ,NP,10,32.75,-115.6,100
5062,HNZ,NP,--,33.18,-115.62,100
5080,HNZ,NP,10,34.08,-118.69,100
5081,HNZ,NP,--,34.08,-118.6,100
5230,HNZ,NP,10,33.57,-116.51,100
5231,HNZ,NP,10,33.46,-116.64,100
5241,HNZ,NP,10,33.51,-116.8,100
5271,HNZ,NP,--,33.35,-115.73,100
5272,HNZ,NP,10,32.71,-115.09,100
5288,HNZ,NP,10,33.7,-118.02,100
5337,HNZ,NP,10,34.14,-117.29,100
5371,HNZ,NP,10,34.21,-117.37,100
5375,HNZ,NP,10,33.16,-116.17,100
5402,HNZ,NP,--,34.08,-118.4,100
5403,HNZ,NP,--,34.4,-119.3,100
5409,HNZ,NP,10,34.23,-117.48,100
5422,HNZ,NP,10,34.19,-118.45,100
5425,HNZ,NP,10,34.28,-118.56,100
5430,HNZ,NP,10,33.2,-117.38,100
5431,HNZ,NP,10,34.22,-118.87,100
5434,HNZ,NP,10,34.08,-118.86,100
5442,HNZ,NP,--,34.05,-116.94,100
5444,HNZ,NP,--,33.63,-116.1,100
5470,HNZ,NP,--,35.06,-119.03,100
5480,HNZ,NP,--,34.7,-118.43,200
5491,HNZ,NP,10,32.82,-116.53,100
5492,HNZ,NP,--,34.2,-118.36,100
5494,HNZ,NP,10,32.96,-116.58,100
5499,HNZ,NP,--,33.94,-118.42,100
7030,HNZ,NP,--,47.45,-122.3,200
7040,HNZ,NP,--,47.86,-122.58,200
7042,HNZ,NP,--,45.61,-122.5,200
7043,HNZ,NP,--,48.72,-122.5,200
7044,HNZ,NP,--,47.14,-122.48,200
NC27,HHZ,NV,--,47.76,-127.76,200
NC89,HHZ,NV,--,48.67,-126.85,200
NCBC,HHZ,NV,--,48.43,-126.18,200
AXBA1,HHZ,OO,--,45.82,-129.74,200
AXCC1,HHZ,OO,--,45.95,-130.01,200
AXEC2,HHZ,OO,--,45.94,-129.97,200
HYS14,HHZ,OO,--,44.57,-125.15,200
HYSB1,HHZ,OO,--,44.51,-125.41,200
BEER,ENZ,UO,--,44.11,-123.85,100
BUCK,ENZ,UO,--,44.2,-122.99,100
CARM,HNZ,UO,--,44.3,-122.04,200
CAVE,ENZ,UO,--,42.12,-123.57,100
CHIL,ENZ,UO,--,42.62,-121.75,100
COQI,HNZ,UO,--,43.19,-124.18,200
DBO,ENZ,UO,--,43.12,-123.24,100
DFAZ,ENZ,UO,--,43.24,-122.11,100
DRAN,ENZ,UO,--,43.7,-123.35,100
ETON,HNZ,UO,--,43.64,-123.58,200
FALZ,HNZ,UO,--,44.87,-123.43,200
FHAC,ENZ,UO,--,44.34,-121.34,100
HAGG,HNZ,UO,--,45.48,-123.2,200
HAPY,HNZ,UO,--,45.45,-122.55,200
JEFF,HNZ,UO,--,44.73,-123.01,200
JESE,ENZ,UO,--,45.24,-121.32,100
KVCS,HNZ,UO,--,44.69,-123.43,200
LAIR,ENZ,UO,--,43.16,-123.93,100
LEAB,HNZ,UO,--,44.12,-122.63,200
LOST,HNZ,UO,--,42.02,-121.5,200
MARQ,ENZ,UO,--,45.07,-122.67,100
MINN,ENZ,UO,--,45.21,-123.26,100
NATH,ENZ,UO,--,43.79,-122.41,100
NOMA,HNZ,UO,--,45.21,-122.8,200
PINE,ENZ,UO,--,43.79,-120.94,100
RAIN,ENZ,UO,--,46.08,-123.01,100
ROGE,ENZ,UO,--,42.7,-123.67,100
ROXY,HNZ,UO,--,42.35,-122.79,200
RUCH,HNZ,UO,--,42.22,-123.05,200
TOOM,ENZ,UO,--,43.28,-121.23,100
TRIG,HNZ,UO,--,44.19,-123.55,200
VERN,ENZ,UO,--,45.85,-123.25,100
WILL,HNZ,UO,--,45.08,-123.48,200
WLOO,ENZ,UO,--,44.52,-122.74,100
WOOD,ENZ,UO,--,42.22,-122.3,100
YANK,HNZ,UO,--,45.87,-122.89,200
BMO,BHZ,US,0,44.85,-117.31,40
HAWA,BHZ,US,0,46.39,-119.53,40
NEW,BHZ,US,0,48.26,-117.12,40
NLWA,BHZ,US,0,47.39,-123.87,40
WVOR,BHZ,US,0,42.43,-118.64,40
ALCT,ENZ,UW,--,47.65,-122.04,100
ALKI,HNZ,UW,--,47.58,-122.42,200
ALST,ENZ,UW,--,46.11,-123.03,100
ALVY,ENZ,UW,--,44,-123.02,100
BABE,ENZ,UW,--,47.61,-122.54,100
BABR,ENZ,UW,--,44.62,-123.79,100
BAND,HNZ,UW,--,43.09,-124.41,200
BEAV,HNZ,UW,--,45.53,-122.84,200
BEND,ENZ,UW,--,44.07,-121.33,100
BERY,ENZ,UW,--,48.26,-122.1,100
BEVT,ENZ,UW,--,47.93,-122.28,100
BILS,HNZ,UW,--,47.54,-124.25,200
BLN,HNZ,UW,--,48.01,-122.97,200
BLOW,ENZ,UW,--,44.68,-122.19,100
BNG,HNZ,UW,--,47.53,-122.3,200
BOW2,ENZ,UW,--,46.48,-123.23,100
BRAN,BHZ,UW,--,45.97,-117.23,40
BRKS,ENZ,UW,--,47.76,-122.29,100
BROK,HNZ,UW,--,42.08,-124.29,200
BSFP,ENZ,UW,--,47.53,-122.31,100
BULL,HNZ,UW,--,45.45,-122.16,200
BURN,ENZ,UW,--,43.57,-119.13,100
CABL,HNZ,UW,--,42.84,-124.56,200
CCRK,ENZ,UW,--,46.56,-119.85,100
CDMR,ENZ,UW,--,47.42,-121.76,100
CHZZ,HNZ,UW,--,45.49,-123.98,200
CNNB,HNZ,UW,--,45.89,-123.96,200
COLT,ENZ,UW,--,45.17,-122.44,100
COOS,HNZ,UW,--,43.4,-124.25,200
CORE,HNZ,UW,--,46.93,-123.92,200
CPW,ENZ,UW,--,46.97,-123.14,100
CTR,HNZ,UW,--,47.62,-122.35,200
DAVN,BHZ,UW,--,47.8,-118.27,40
DDRF,ENZ,UW,--,46.49,-119.06,100
DOSE,BHZ,UW,--,47.72,-122.97,40
DREG,HNZ,UW,--,45.57,-122.72,200
EARN,ENZ,UW,--,47.74,-122.04,100
EGRN,ENZ,UW,--,47.07,-122.97,100
ELW,ENZ,UW,--,47.49,-121.87,100
EPH2,ENZ,UW,--,47.37,-119.61,100
ERW,HNZ,UW,--,48.45,-122.63,200
EVGW,ENZ,UW,--,47.85,-122.15,100
EYES,ENZ,UW,--,45.33,-123.06,100
FINN,HNZ,UW,--,47.72,-122.23,200
FISH,ENZ,UW,--,45.93,-123.56,100
FLRE,HNZ,UW,--,43.99,-124.11,200
FORK,BHZ,UW,--,47.95,-124.57,40
GBB,ENZ,UW,--,46.61,-119.63,100
GHW,ENZ,UW,--,47.04,-122.27,100
GLDO,ENZ,UW,--,45.84,-120.81,100
GMO,ENZ,UW,--,44.44,-120.96,100
GMW,ENZ,UW,--,47.55,-122.79,100
GNW,BHZ,UW,--,47.56,-122.83,40
GRE,HNZ,UW,--,47.67,-122.34,200
GRUT,ENZ,UW,--,46.55,-119.51,100
GSM,ENZ,UW,--,47.2,-121.8,100
GTWN,ENZ,UW,--,47.55,-122.32,100
H1K,ENZ,UW,--,46.64,-119.59,100
H2E,HNZ,UW,--,46.56,-119.53,200
H2O,ENZ,UW,--,46.4,-119.42,100
H2W,HNZ,UW,--,46.55,-119.65,200
H3A,HNZ,UW,--,46.36,-119.28,200
H4A,HNZ,UW,--,46.44,-119.36,200
HART,HNZ,UW,--,47.58,-122.35,200
HBO,ENZ,UW,--,43.84,-122.32,100
HEBO,BHZ,UW,--,45.21,-123.76,40
HGBL,ENZ,UW,--,46.6,-119.46,100
HICC,ENZ,UW,--,47.39,-122.3,100
HOG,ENZ,UW,--,42.24,-121.71,100
HOLY,ENZ,UW,--,47.57,-122.38,100
HOOD,ENZ,UW,--,45.32,-121.65,100
HSO,ENZ,UW,--,43.53,-123.09,100
HUBA,ENZ,UW,--,45.63,-122.65,100
HURR,HNZ,UW,--,47.97,-123.5,200
HWIW,ENZ,UW,--,46.43,-119.29,100
IONE,ENZ,UW,--,45.5,-119.83,100
IRON,ENZ,UW,--,43.36,-118.47,100
IZEE,ENZ,UW,--,44.08,-119.5,100
JCW,ENZ,UW,--,48.2,-121.93,100
JEDS,ENZ,UW,--,43.75,-124.05,100
JORV,ENZ,UW,--,42.98,-117.05,100
KCAM,HNZ,UW,--,47.54,-122.32,200
KDK,HNZ,UW,--,47.6,-122.33,200
KEEL,ENZ,UW,--,45.55,-122.9,100
KENT,ENZ,UW,--,45.24,-120.64,100
KFAL,HNZ,UW,--,42.26,-121.79,200
KIMB,ENZ,UW,--,47.57,-122.3,100
KINR,ENZ,UW,--,47.75,-122.64,100
KITP,ENZ,UW,--,47.68,-122.63,100
KNEL,ENZ,UW,--,47.38,-122.25,100
KREP,BHZ,UW,--,45.89,-121.46,40
LANE,ENZ,UW,--,44.05,-123.23,100
LAWT,ENZ,UW,--,47.66,-122.39,100
LCCR,ENZ,UW,--,45.21,-122.48,100
LEBA,ENZ,UW,--,46.55,-123.56,100
LEOT,ENZ,UW,--,47.77,-122.12,100
LEVE,HNZ,UW,--,45.59,-122.64,200
LKVW,ENZ,UW,--,42.23,-120.36,100
LNO,ENZ,UW,--,45.87,-118.29,100
LON,BHZ,UW,--,46.75,-121.81,40
LRIV,BHZ,UW,--,48.06,-123.5,40
LTY,BHZ,UW,--,47.25,-120.67,40
LUMI,ENZ,UW,--,48.72,-122.71,100
LWCK,HNZ,UW,--,46.28,-124.05,200
LYNC,ENZ,UW,--,47.83,-122.29,100
MAC,HNZ,UW,--,47.25,-122.53,200
MANO,ENZ,UW,--,46.95,-120.72,100
MARY,ENZ,UW,--,47.66,-122.12,100
MAUP,HNZ,UW,--,45.18,-121.08,200
MBKE,ENZ,UW,--,48.92,-122.14,100
MBPA,ENZ,UW,--,47.9,-121.89,100
MDW,ENZ,UW,--,46.61,-119.76,100
MEGW,ENZ,UW,--,46.27,-123.88,100
MJ2,ENZ,UW,--,46.56,-119.36,100
MKAH,HNZ,UW,--,48.37,-124.59,200
MNWA,HNZ,UW,--,47.57,-122.53,200
MONO,HNZ,UW,--,44.85,-123.24,200
MORO,ENZ,UW,--,45.47,-120.74,100
MOX,ENZ,UW,--,46.58,-120.3,100
MPL,ENZ,UW,--,47.69,-122.25,100
MPO,ENZ,UW,--,44.5,-123.55,100
MRBL,ENZ,UW,--,48.52,-121.48,100
MRIN,ENZ,UW,--,44.8,-122.7,100
MRN,HNZ,UW,--,47.59,-122.23,200
NEWO,HNZ,UW,--,44.62,-124.05,200
NIHS,ENZ,UW,--,47.74,-122.22,100
NOB,HNZ,UW,--,47.64,-122.35,200
NOWS,ENZ,UW,--,47.69,-122.25,100
NWPT,HNZ,UW,--,47.55,-122.17,200
OCEN,HNZ,UW,--,46.95,-124.16,200
OCP,ENZ,UW,--,48.3,-124.63,100
OHC,ENZ,UW,--,47.33,-123.16,100
OMAK,BHZ,UW,--,48.36,-119.33,40
ONAB,HNZ,UW,--,44.51,-124.07,200
OOW2,HNZ,UW,--,47.75,-124.18,200
OSD,ENZ,UW,--,47.82,-123.71,100
OT3,ENZ,UW,--,46.67,-119.23,100
PABH,HNZ,UW,--,47.21,-124.2,200
PASS,ENZ,UW,--,49,-122.09,100
PAYL,HNZ,UW,--,47.19,-122.31,200
PCEP,ENZ,UW,--,47.11,-122.29,100
PCFR,ENZ,UW,--,46.99,-122.44,100
PERL,ENZ,UW,--,45.33,-122.78,100
PGO,ENZ,UW,--,45.46,-122.45,100
PHIN,ENZ,UW,--,45.9,-119.93,100
PIE,HNZ,UW,--,47.63,-122.38,200
PIER,HNZ,UW,--,47.58,-122.34,200
PRO,ENZ,UW,--,46.21,-119.69,100
PSNS,ENZ,UW,--,47.56,-122.64,100
RADR,BHZ,UW,--,46.42,-123.8,40
RATT,BHZ,UW,--,47.43,-121.8,40
RAW,ENZ,UW,--,47.34,-121.93,100
RBOK,HNZ,UW,--,45.54,-122.57,200
RCM,HHZ,UW,--,46.84,-121.73,100
REED,HNZ,UW,--,43.7,-124.11,200
RNAV,HNZ,UW,--,47.58,-122.29,200
ROBC,HNZ,UW,--,45.31,-123.82,200
ROSS,ENZ,UW,--,45.66,-122.66,100
RRHS,ENZ,UW,--,46.8,-123.04,100
RSLG,HNZ,UW,--,45.02,-123.86,200
RVW2,ENZ,UW,--,46.15,-122.74,100
SAIL,HNZ,UW,--,45.54,-122.96,200
SCC,ENZ,UW,--,47.75,-122.36,100
SEA,ENZ,UW,--,47.65,-122.31,100
SEAS,HNZ,UW,--,46,-123.92,200
SHUK,BHZ,UW,--,48.85,-121.68,50
SNI2,ENZ,UW,--,46.46,-119.66,100
SOUA,ENZ,UW,--,42.18,-122.7,100
SP2,BHZ,UW,--,47.56,-122.25,40
SQM,ENZ,UW,--,48.07,-123.05,100
STOR,ENZ,UW,--,47.19,-121.99,100
STW,ENZ,UW,--,48.15,-123.67,100
SVOH,ENZ,UW,--,48.29,-122.63,100
SWID,ENZ,UW,--,48.01,-122.41,100
TAHO,HNZ,UW,--,47.34,-124.29,200
TAKO,ENZ,UW,--,43.74,-124.08,100
TBPA,ENZ,UW,--,47.26,-122.37,100
TILL,HNZ,UW,--,45.46,-123.83,200
TKCO,ENZ,UW,--,47.54,-122.3,100
TLW1,ENZ,UW,--,47.69,-121.69,100
TOLO,ENZ,UW,--,44.62,-123.92,100
TOLT,BHZ,UW,--,47.69,-121.69,40
TREE,ENZ,UW,--,42.73,-120.89,100
TUCA,ENZ,UW,--,46.51,-118.15,100
UGAP3,HNZ,UW,--,46.53,-120.47,200
UMAT,ENZ,UW,--,45.29,-118.96,100
UMPQ,ENZ,UW,--,43.29,-123.33,100
UPL,HNZ,UW,--,47.21,-122.55,200
UPS,HNZ,UW,--,47.26,-122.48,200
UWFH,ENZ,UW,--,48.55,-123.01,100
VCR,ENZ,UW,--,44.98,-120.99,100
VVHS,ENZ,UW,--,47.42,-122.46,100
WA2,ENZ,UW,--,46.76,-119.57,100
WEDR,HNZ,UW,--,42.44,-124.41,200
WEL2,ENZ,UW,--,47.95,-119.86,100
WISC,ENZ,UW,--,47.61,-122.18,100
WISH,BHZ,UW,--,47.12,-123.77,40
WOLL,ENZ,UW,--,47.06,-118.92,100
WPO,ENZ,UW,--,45.57,-122.79,100
WWHS,ENZ,UW,--,46.05,-118.32,100
YACH,HNZ,UW,--,44.32,-124.1,200
YACT,ENZ,UW,--,45.93,-122.42,100
YPT,ENZ,UW,--,46.05,-118.96,100
